row	epoch	unit_index	anchor_id	root_child_id	anchor_depth	anchor_endpoint_depth	context_tokens	node_count	query_count	trained_queries	trained_events	mean_loss	grad_l2
0	1	0	2	1	2	3	0,7	4	29	28	30	1.200743	9.0582131
1	1	1	3	1	2	2	0,48	11	75	74	90	1.518656	6.5967879
2	1	2	4	1	2	16	0,9	2	16	15	405	0.022906	1.8547775
3	1	3	5	1	2	2	0,29	56	278	277	3240	0.216019	0.64089581
4	1	4	6	1	2	2	0,22	231	931	930	2670	0.879720	0.75894101
5	1	5	7	1	2	3	0,55	4	29	28	30	1.714512	11.454582
6	1	6	8	1	2	2	0,23	183	785	784	8325	0.395801	0.70890588
7	1	7	9	1	2	2	0,49	29	199	198	255	1.676063	4.4856829
8	1	8	10	1	2	2	0,59	33	253	252	315	1.768450	4.5436255
9	1	9	11	1	2	2	0,50	55	440	439	555	1.826938	3.1028945
10	1	10	12	1	2	2	0,42	105	793	792	1035	1.692755	2.6930093
11	1	11	13	1	2	2	0,52	97	757	756	1005	1.709367	2.9259931
12	1	12	14	1	2	2	0,51	146	1151	1150	1500	1.698220	1.9654203
13	1	13	15	1	2	2	0,19	1031	4684	4683	12390	1.169595	0.92470108
14	1	14	16	1	2	2	0,45	60	440	439	600	1.625753	3.147791
15	1	15	17	1	2	2	0,28	1175	4889	4888	13590	1.132948	1.3173005
16	1	16	18	1	2	2	0,5	367	2229	2228	3675	1.538398	1.4784184
17	1	17	19	1	2	2	0,33	293	1640	1639	3045	1.531274	2.401314
18	1	18	20	1	2	2	0,16	574	3629	3628	11070	0.945455	1.4924617
19	1	19	21	1	2	2	0,44	130	939	938	1245	1.722864	2.1864809
20	1	20	22	1	2	2	0,17	518	2581	2580	5400	1.443067	3.0028597
21	1	21	23	1	2	2	0,43	56	375	374	480	1.799461	3.7443198
22	1	22	24	1	2	2	0,63	93	652	651	960	1.449362	1.7720876
23	1	23	25	1	2	2	0,32	5685	28675	28674	59100	1.509674	0.58446091
24	1	24	26	1	2	2	0,25	1819	8717	8716	19995	1.315665	1.513753
25	1	25	27	1	2	2	0,20	1999	10644	10643	22245	1.404223	1.0994999
26	1	26	28	1	2	2	0,58	388	2777	2776	4020	1.669379	1.1571688
27	1	27	29	1	2	2	0,46	205	1447	1446	2010	1.699008	1.9650725
28	1	28	30	1	2	2	0,60	22	164	163	210	1.583563	4.8916657
29	1	29	31	1	2	2	0,54	115	858	857	1110	1.739224	2.4342527
30	1	30	32	1	2	2	0,41	164	1119	1118	1545	1.734040	2.1344208
31	1	31	33	1	2	2	0,56	47	359	358	450	1.881495	4.171894
32	1	32	34	1	2	2	0,34	251	955	954	2640	1.040208	2.2167316
33	1	33	35	1	2	2	0,15	1454	6196	6195	16245	1.175034	1.7437591
34	1	34	36	1	2	2	0,53	105	817	816	1065	1.843191	5.4590302
35	1	35	37	1	2	2	0,57	254	1896	1895	2550	1.763128	1.5767419
36	1	36	38	1	2	2	0,47	123	989	988	1290	1.785529	3.8113185
37	1	37	39	1	2	2	0,39	221	1680	1679	2280	1.825306	2.3883118
38	1	38	40	1	2	2	0,40	139	1151	1150	1455	1.778597	1.9654662
39	1	39	41	1	2	2	0,61	215	1545	1544	2205	1.630137	1.6416889
40	1	40	42	1	2	2	0,27	1590	9725	9724	15915	1.682963	1.501288
41	1	41	43	1	2	2	0,26	1285	7192	7191	14055	1.395842	1.8034319
42	1	42	44	1	2	2	0,21	3355	17029	17028	35565	1.469902	0.88937358
43	1	43	45	1	2	2	0,24	1210	5537	5536	13575	1.273194	1.3875837
44	1	44	46	1	2	2	0,35	3754	18098	18097	38955	1.415200	0.85564243
45	1	45	47	1	2	2	0,30	636	3220	3219	6675	1.353261	1.671955
46	1	46	48	1	2	2	0,37	981	5110	5109	10170	1.338328	1.1219277
47	1	47	49	1	2	2	0,18	1366	6918	6917	17580	1.230947	1.988933
48	1	48	50	1	2	2	0,31	2096	11505	11504	23850	1.435517	0.94372561
49	1	49	51	1	2	2	0,13	5355	26802	26801	54795	1.525673	0.65891699
50	1	50	52	1	2	2	0,0	6135	18071	18070	102780	0.899507	0.49810717
51	1	51	53	1	2	2	0,14	2251	11137	11136	23865	1.390738	1.6748718
52	1	52	48424	48423	2	2	1,36	36	203	202	330	1.018747	4.2408147
53	1	53	48425	48423	2	3	1,10	4	29	28	30	1.308077	8.0572354
54	1	54	48426	48423	2	2	1,64	15	104	103	135	1.616190	8.1338297
55	1	55	48427	48423	2	2	1,23	250	1178	1177	3135	1.193210	2.7251876
56	1	56	48428	48423	2	2	1,17	677	2557	2556	8085	1.148045	2.7411343
57	1	57	48429	48423	2	2	1,4	6	39	38	45	0.310080	4.3199571
58	1	58	48430	48423	2	2	1,0	4	30	29	30	2.252307	9.0617795
59	1	59	48431	48423	2	2	1,1	25	230	229	255	1.903960	4.1490345
60	1	60	48432	48423	2	3	1,29	12	68	67	120	1.099093	6.5477748
61	1	61	48433	48423	2	2	1,16	177	1037	1036	2280	1.561480	2.4773554
62	1	62	48434	48423	2	2	1,33	11	65	64	90	2.099961	9.5956637
63	1	63	48435	48423	2	2	1,28	467	2506	2505	4710	1.604667	1.7576447
64	1	64	48436	48423	2	2	1,19	700	3705	3704	7395	1.421815	1.2242408
65	1	65	48437	48423	2	2	1,27	596	2854	2853	6390	1.258143	2.0331928
66	1	66	48438	48423	2	2	1,26	165	1040	1039	1935	1.602070	3.3763781
67	1	67	48439	48423	2	2	1,31	556	2954	2953	6465	1.505706	1.8899931
68	1	68	48440	48423	2	2	1,34	452	1878	1877	5775	1.091086	3.2111342
69	1	69	48441	48423	2	2	1,22	186	1125	1124	1860	1.459137	1.8020356
70	1	70	48442	48423	2	2	1,14	588	2893	2892	7065	1.375678	1.6178923
71	1	71	48443	48423	2	2	1,48	533	3213	3212	5520	1.450603	1.2011436
72	1	72	48444	48423	2	2	1,20	611	3157	3156	6720	1.403751	1.7650054
73	1	73	48445	48423	2	3	1,55	538	2852	2851	5640	1.297132	1.0394122
74	1	74	48446	48423	2	2	1,35	597	3036	3035	6135	1.412901	1.3660889
75	1	75	48447	48423	2	2	1,30	764	3392	3391	9705	1.391641	4.0519835
76	1	76	48448	48423	2	2	1,18	268	1499	1498	2715	1.541558	2.7825891
77	1	77	48449	48423	2	2	1,5	875	5393	5392	8865	1.700562	1.1643934
78	1	78	48450	48423	2	2	1,13	546	3059	3058	5565	1.672230	2.6802426
79	1	79	48451	48423	2	2	1,32	544	3238	3237	5730	1.670901	1.6375079
80	1	80	48452	48423	2	2	1,37	423	2306	2305	4410	1.533027	6.4251184
81	1	81	48453	48423	2	2	1,52	7190	38240	38239	73875	1.568149	1.008948
82	1	82	48454	48423	2	2	1,21	5683	29457	29456	58035	1.522012	0.85444853
83	1	83	48455	48423	2	2	1,24	613	2976	2975	6855	1.420052	1.6794311
84	1	84	48456	48423	2	2	1,45	4844	25642	25641	50085	1.560473	0.88141428
85	1	85	48457	48423	2	2	1,40	11641	63110	63109	119400	1.659827	0.55512922
86	1	86	48458	48423	2	2	1,50	7095	38863	38862	73860	1.569656	0.48560592
87	1	87	48459	48423	2	2	1,60	1264	7028	7027	12720	1.652905	1.2303744
88	1	88	48460	48423	2	2	1,53	10345	54950	54949	105570	1.636023	0.5374369
89	1	89	48461	48423	2	2	1,59	2568	14873	14872	26505	1.644915	0.89874227
90	1	90	48462	48423	2	2	1,43	3131	17590	17589	31815	1.661427	1.0648347
91	1	91	48463	48423	2	2	1,41	7616	39282	39281	77445	1.630546	0.54061365
92	1	92	48464	48423	2	2	1,47	9993	52441	52440	102075	1.626139	1.2800271
93	1	93	48465	48423	2	2	1,25	756	3368	3367	8205	1.365936	2.126644
94	1	94	48466	48423	2	2	1,49	2182	11445	11444	22770	1.447240	1.5652201
95	1	95	48467	48423	2	2	1,63	6994	31951	31950	73620	1.401759	0.47069521
96	1	96	48468	48423	2	2	1,42	7712	42622	42621	78585	1.629917	0.46835979
97	1	97	48469	48423	2	2	1,58	32861	151053	151052	339360	1.597093	0.50938194
98	1	98	48470	48423	2	2	1,56	3351	18730	18729	33795	1.685008	0.8385924
99	1	99	48471	48423	2	2	1,57	17000	91993	91992	174105	1.683375	0.60858192
100	1	100	48472	48423	2	2	1,51	14815	77044	77043	153210	1.599919	0.75462865
101	1	101	48473	48423	2	2	1,46	16418	85102	85101	169890	1.611380	0.83279428
102	1	102	48474	48423	2	2	1,44	9060	47042	47041	93615	1.580026	0.45134761
103	1	103	48475	48423	2	2	1,39	18990	99576	99575	192420	1.714559	0.69739113
104	1	104	48476	48423	2	2	1,54	6281	32853	32852	64200	1.620784	0.49856605
105	1	105	48477	48423	2	2	1,61	14545	73489	73488	150915	1.570943	0.54548906
106	1	106	48478	48423	2	2	1,15	935	4026	4025	9795	1.358288	1.2552268
107	1	107	282879	282878	2	3	2,7	30	235	234	300	1.531293	3.0389764
108	1	108	282880	282878	2	2	2,5	62	496	495	645	1.520622	2.2242526
109	1	109	282881	282878	2	2	2,1	1261	8632	8631	12435	1.668887	0.63296225
110	1	110	282882	282878	2	2	2,0	1479	8810	8809	17400	1.267019	0.43180755
111	1	111	285707	285707	1	16	3,50	1	16	16	16	0.005677	0.11934705
112	1	112	285709	285708	2	16	4,41	2	16	15	15	0.099648	1.3083401
113	1	113	285710	285708	2	6	4,15	4	26	25	30	0.079803	0.79812689
114	1	114	285714	285713	2	16	5,26	2	16	15	15	1.426292	13.759712
115	1	115	285715	285713	2	16	5,49	2	16	15	15	1.597959	15.315236
116	1	116	285716	285713	2	16	5,59	2	16	15	15	1.855417	15.366831
117	1	117	285717	285713	2	7	5,34	4	25	24	30	2.081977	14.229794
118	1	118	285718	285713	2	16	5,6	2	16	15	15	1.138666	9.2837007
119	1	119	285719	285713	2	16	5,11	2	16	15	15	1.795885	12.663625
120	1	120	285720	285713	2	16	5,37	2	16	15	15	1.498184	14.15612
121	1	121	285721	285713	2	2	5,54	17	98	97	150	1.781927	8.6755836
122	1	122	285722	285713	2	2	5,22	4	30	29	30	1.509316	10.812481
123	1	123	285723	285713	2	16	5,23	2	16	15	15	1.313100	12.895932
124	1	124	285724	285713	2	16	5,64	2	16	15	15	1.884709	15.943299
125	1	125	285725	285713	2	2	5,41	23	140	139	225	1.551669	6.2803025
126	1	126	285726	285713	2	3	5,47	4	29	28	30	2.677277	13.016216
127	1	127	285727	285713	2	2	5,13	20	142	141	165	2.101305	5.5327672
128	1	128	285728	285713	2	7	5,38	6	32	31	45	1.239546	11.080634
129	1	129	285729	285713	2	3	5,48	4	29	28	30	1.719650	10.674705
130	1	130	285730	285713	2	16	5,10	2	16	15	15	1.535351	14.980292
131	1	131	285731	285713	2	2	5,25	10	68	67	75	1.616012	10.338807
132	1	132	285732	285713	2	2	5,20	25	140	139	240	2.259658	7.5134853
133	1	133	285733	285713	2	16	5,63	2	16	15	15	2.383996	11.671086
134	1	134	285734	285713	2	2	5,52	27	238	237	285	1.739659	4.4511279
135	1	135	285735	285713	2	2	5,30	8	70	69	90	2.001274	8.2092116
136	1	136	285736	285713	2	2	5,44	20	123	122	165	1.625759	10.455219
137	1	137	285737	285713	2	2	5,19	21	127	126	210	1.635126	6.2089461
138	1	138	285738	285713	2	2	5,16	8	55	54	60	1.902384	9.1501174
139	1	139	285739	285713	2	2	5,51	16	131	130	180	1.886586	7.4960243
140	1	140	285740	285713	2	2	5,14	15	125	124	150	1.887398	6.4134872
141	1	141	285741	285713	2	2	5,28	9	70	69	75	1.935758	8.1781607
142	1	142	285742	285713	2	2	5,61	6	58	57	60	2.346853	7.8094106
143	1	143	285743	285713	2	2	5,2	6	43	42	45	1.158960	5.75435
144	1	144	285744	285713	2	2	5,12	23	219	218	255	1.390798	2.7752892
145	1	145	285745	285713	2	2	5,39	9	68	67	75	2.257218	7.6194043
146	1	146	285746	285713	2	3	5,24	6	38	37	45	1.560636	11.013894
147	1	147	285747	285713	2	2	5,21	29	209	208	285	1.740275	4.437926
148	1	148	285748	285713	2	2	5,40	20	104	103	165	1.795987	8.4065951
149	1	149	285749	285713	2	2	5,45	38	213	212	375	1.565440	6.9819168
150	1	150	285750	285713	2	2	5,35	29	193	192	255	1.702437	4.4328559
151	1	151	285751	285713	2	2	5,46	10	79	78	90	2.453220	7.8659337
152	1	152	285752	285713	2	2	5,15	23	168	167	210	1.865012	5.9606345
153	1	153	285753	285713	2	2	5,60	6	42	41	45	1.611340	10.214833
154	1	154	285754	285713	2	2	5,0	152	1198	1197	1635	1.416888	1.4326901
155	1	155	285755	285713	2	2	5,27	9	67	66	75	1.739268	6.3204808
156	1	156	285756	285713	2	2	5,53	6	43	42	45	2.110713	11.004351
157	1	157	285757	285713	2	2	5,31	26	225	224	255	2.154581	5.2292558
158	1	158	285758	285713	2	3	5,7	8	64	63	75	1.768380	7.3726239
159	1	159	285759	285713	2	2	5,32	288	1675	1674	2820	1.433510	1.5721311
160	1	160	285760	285713	2	2	5,56	51	368	367	495	1.772527	3.709608
161	1	161	285761	285713	2	2	5,18	18	118	117	150	1.558500	5.1536962
162	1	162	285762	285713	2	2	5,42	2002	13128	13127	20745	1.600311	0.54504198
163	1	163	285763	285713	2	2	5,43	349	2346	2345	3480	1.719020	1.368084
164	1	164	285764	285713	2	2	5,1	684	4493	4492	6885	1.693104	0.92353596
165	1	165	285765	285713	2	2	5,57	2970	18182	18181	29925	1.647233	0.59906343
166	1	166	285766	285713	2	2	5,50	876	4780	4779	8910	1.480065	1.0176304
167	1	167	285767	285713	2	2	5,58	805	5180	5179	8460	1.496819	0.7141161
168	1	168	294371	294370	2	16	6,58	2	16	15	15	2.341721	15.673232
169	1	169	294372	294370	2	2	6,5	93	659	658	945	1.695152	2.0275487
170	1	170	294373	294370	2	3	6,7	224	1501	1500	2475	1.320582	1.1565708
171	1	171	294374	294370	2	2	6,0	7685	43445	43444	78600	1.608065	0.48841864
172	1	172	294375	294370	2	2	6,1	19323	101248	101247	200355	1.613488	0.21759653
173	1	173	321694	321693	2	16	7,16	2	16	15	15	2.344407	24.538566
174	1	174	321695	321693	2	2	7,35	4	30	29	30	1.255152	7.7532949
175	1	175	321696	321693	2	3	7,26	4	29	28	30	1.600226	9.379305
176	1	176	321697	321693	2	2	7,27	12	105	104	120	1.643656	5.1212435
177	1	177	321698	321693	2	16	7,24	2	16	15	15	1.414021	12.424481
178	1	178	321699	321693	2	2	7,48	5	44	43	45	1.559943	8.2628205
179	1	179	321700	321693	2	2	7,25	5	44	43	45	1.505362	9.3241179
180	1	180	321701	321693	2	3	7,20	6	35	34	45	1.448992	8.482641
181	1	181	321702	321693	2	4	7,19	4	28	27	30	1.417673	6.1500423
182	1	182	321703	321693	2	3	7,59	12	100	99	120	1.770008	9.4065242
183	1	183	321704	321693	2	2	7,31	14	93	92	120	1.888037	8.6024707
184	1	184	321705	321693	2	2	7,56	35	308	307	360	2.026556	3.6086148
185	1	185	321706	321693	2	2	7,60	15	136	135	150	1.872911	5.5173534
186	1	186	321707	321693	2	2	7,1	4	30	29	30	1.894122	9.0670197
187	1	187	321708	321693	2	2	7,63	16	109	108	135	1.739125	5.5196856
188	1	188	321709	321693	2	2	7,28	4	30	29	30	1.716124	9.0655097
189	1	189	321710	321693	2	3	7,55	7	54	53	60	1.659026	8.494725
190	1	190	321711	321693	2	2	7,43	22	215	214	240	1.926856	4.4493698
191	1	191	321712	321693	2	2	7,45	47	366	365	450	1.844702	3.1831186
192	1	192	321713	321693	2	3	7,15	4	29	28	30	1.278442	11.476744
193	1	193	321714	321693	2	2	7,42	148	1080	1079	1470	1.573687	1.7286697
194	1	194	321715	321693	2	2	7,57	160	1148	1147	1515	1.887575	2.1157293
195	1	195	321716	321693	2	2	7,21	12	122	121	135	1.407399	3.9990735
196	1	196	321717	321693	2	2	7,61	101	730	729	960	1.741829	2.3118787
197	1	197	321718	321693	2	2	7,52	68	412	411	645	1.310079	2.896045
198	1	198	321719	321693	2	2	7,44	94	723	722	960	1.629269	2.4556761
199	1	199	321720	321693	2	2	7,39	71	602	601	750	1.810236	2.4651929
200	1	200	321721	321693	2	2	7,54	88	655	654	840	1.706712	2.4984319
201	1	201	321722	321693	2	2	7,14	4	30	29	30	1.591568	10.128003
202	1	202	321723	321693	2	2	7,49	18	122	121	150	1.583127	5.3626928
203	1	203	321724	321693	2	2	7,50	73	556	555	720	1.740671	2.4684552
204	1	204	321725	321693	2	2	7,51	179	1042	1041	1740	1.443512	1.9541299
205	1	205	321726	321693	2	2	7,40	149	1108	1107	1455	1.781583	1.7997305
206	1	206	321727	321693	2	2	7,5	5	44	43	45	1.820235	8.7022972
207	1	207	321728	321693	2	2	7,58	117	889	888	1155	1.766682	2.2168503
208	1	208	321729	321693	2	2	7,53	32	274	273	315	1.718426	3.5926319
209	1	209	321730	321693	2	2	7,47	29	202	201	270	1.862063	5.1705113
210	1	210	321731	321693	2	2	7,0	326	2215	2214	3510	1.265367	0.87278139
211	1	211	321732	321693	2	2	7,7	597	4203	4202	6360	1.510351	1.1727796
212	1	212	321733	321693	2	2	7,46	121	857	856	1230	1.660263	2.3653041
213	1	213	321734	321693	2	2	7,41	69	554	553	675	1.835868	2.8278904
214	1	214	324339	324338	2	3	8,7	12	103	102	120	1.539264	6.0671733
215	1	215	324340	324338	2	2	8,5	73	609	608	870	1.195318	1.8246948
216	1	216	324341	324338	2	2	8,1	1579	10025	10024	16110	1.632187	0.73303991
217	1	217	324342	324338	2	2	8,0	6179	24832	24831	95115	1.010294	0.29044702
218	1	218	332178	332178	1	16	9,1	1	16	16	432	0.001593	0.050020811
219	1	219	332180	332179	2	3	10,7	20	190	189	225	1.617992	3.7740613
220	1	220	332181	332179	2	2	10,5	32	253	252	315	1.566717	3.1041009
221	1	221	332182	332179	2	2	10,1	2102	13387	13386	21255	1.616293	0.61103833
222	1	222	332183	332179	2	2	10,0	11927	61958	61957	124725	1.498509	0.28281385
223	1	223	346258	346257	2	3	11,7	13	113	112	135	1.574060	4.6565689
224	1	224	346259	346257	2	2	11,5	29	252	251	300	1.629314	3.2563627
225	1	225	346260	346257	2	2	11,0	2381	14142	14141	24255	1.541281	0.4971967
226	1	226	346261	346257	2	2	11,1	2676	15898	15897	27195	1.576806	0.52204355
227	1	227	351354	351353	2	2	12,5	19	135	134	165	1.567809	4.5335462
228	1	228	351355	351353	2	3	12,7	15	137	136	165	1.753339	4.5853942
229	1	229	351356	351353	2	2	12,1	880	6179	6178	8760	1.676676	0.77975288
230	1	230	351357	351353	2	2	12,0	2008	9767	9766	26220	1.105446	0.40556335
231	1	231	354273	354272	2	16	13,48	2	16	15	15	2.263192	11.446235
232	1	232	354274	354272	2	2	13,28	208	798	797	2220	0.866756	0.91380271
233	1	233	354275	354272	2	6	13,20	6	46	45	75	1.290340	7.7903792
234	1	234	354276	354272	2	2	13,19	53	334	333	525	1.477598	5.4348761
235	1	235	354277	354272	2	4	13,37	16	129	128	165	1.470302	5.2961859
236	1	236	354278	354272	2	2	13,46	75	553	552	795	1.431012	2.1707329
237	1	237	354279	354272	2	2	13,32	168	667	666	1875	0.917207	2.3720956
238	1	238	354280	354272	2	2	13,47	4	30	29	30	2.436535	16.547223
239	1	239	354281	354272	2	2	13,14	349	1544	1543	3675	0.967280	1.5852163
240	1	240	354282	354272	2	2	13,25	294	1525	1524	2970	1.121386	1.6978014
241	1	241	354283	354272	2	2	13,60	7	57	56	60	2.049059	8.3447973
242	1	242	354284	354272	2	2	13,16	143	462	461	1620	0.799671	1.4438909
243	1	243	354285	354272	2	2	13,31	183	896	895	1950	1.181545	1.4237778
244	1	244	354286	354272	2	10	13,23	23	83	82	240	0.761232	2.4999133
245	1	245	354287	354272	2	3	13,5	4	29	28	30	1.416723	9.8870161
246	1	246	354288	354272	2	2	13,41	28	173	172	240	1.531760	4.8969035
247	1	247	354289	354272	2	2	13,17	23	140	139	225	1.877757	8.1064591
248	1	248	354290	354272	2	2	13,26	974	5106	5105	9795	1.329415	1.2032958
249	1	249	354291	354272	2	16	13,21	2	16	15	15	3.430401	30.915574
250	1	250	354292	354272	2	2	13,44	43	259	258	405	1.614514	5.0397877
251	1	251	354293	354272	2	2	13,40	51	335	334	480	1.841753	3.8876237
252	1	252	354294	354272	2	2	13,42	44	341	340	435	1.982237	4.279666
253	1	253	354295	354272	2	2	13,51	55	385	384	540	1.751005	4.103369
254	1	254	354296	354272	2	2	13,56	150	962	961	1515	1.638361	2.3231796
255	1	255	354297	354272	2	2	13,24	248	1442	1441	2580	1.209751	1.7428186
256	1	256	354298	354272	2	2	13,61	83	420	419	825	1.345420	2.4789186
257	1	257	354299	354272	2	3	13,10	798	4932	4931	8190	1.368699	0.63492482
258	1	258	354300	354272	2	2	13,33	416	1739	1738	4560	1.024021	1.3026266
259	1	259	354301	354272	2	2	13,58	99	704	703	960	1.838186	2.5427938
260	1	260	354302	354272	2	2	13,59	87	444	443	900	1.431744	4.4777574
261	1	261	354303	354272	2	2	13,30	1533	6766	6765	16320	1.140329	0.69631752
262	1	262	354304	354272	2	2	13,63	238	1408	1407	2385	1.370711	1.4069342
263	1	263	354305	354272	2	2	13,57	570	3609	3608	5655	1.618891	1.0458593
264	1	264	354306	354272	2	2	13,52	2979	15427	15426	30150	1.491982	0.73987895
265	1	265	354307	354272	2	2	13,1	523	3787	3786	5235	1.865151	1.5110435
266	1	266	354308	354272	2	2	13,54	44	293	292	450	1.713279	5.0881885
267	1	267	354309	354272	2	2	13,45	69	337	336	735	1.284737	4.7865058
268	1	268	354310	354272	2	2	13,50	264	1656	1655	2640	1.601363	2.0062481
269	1	269	365092	365091	2	9	14,20	18	95	94	195	0.844867	4.142961
270	1	270	365093	365091	2	2	14,13	195	797	796	2175	0.957492	1.2481383
271	1	271	365094	365091	2	2	14,27	142	423	422	1800	0.725820	1.4200339
272	1	272	365095	365091	2	7	14,24	6	33	32	45	1.398846	11.532211
273	1	273	365096	365091	2	2	14,21	90	356	355	1155	0.841313	2.6094955
274	1	274	365097	365091	2	4	14,37	56	400	399	585	1.200738	1.9519973
275	1	275	365098	365091	2	2	14,17	476	2174	2173	4995	1.021558	0.65157429
276	1	276	365099	365091	2	2	14,33	137	456	455	1695	0.719027	0.97479019
277	1	277	365100	365091	2	2	14,50	55	363	362	495	1.601702	3.38989
278	1	278	365101	365091	2	2	14,39	114	695	694	1215	1.835054	4.815655
279	1	279	365102	365091	2	2	14,47	97	599	598	1005	1.637581	4.8305561
280	1	280	365103	365091	2	2	14,53	235	1240	1239	2415	1.451504	2.7220122
281	1	281	365104	365091	2	2	14,63	229	1570	1569	2370	1.647630	1.7999174
282	1	282	365105	365091	2	2	14,30	311	1380	1379	3165	1.064788	0.93831384
283	1	283	365106	365091	2	2	14,56	110	625	624	1050	1.665360	2.4917242
284	1	284	365107	365091	2	2	14,59	934	5262	5261	9600	1.405244	0.79273793
285	1	285	365108	365091	2	2	14,43	527	3204	3203	5280	1.629179	1.3600198
286	1	286	368808	368807	2	2	15,63	7	52	51	60	2.800627	11.838749
287	1	287	368809	368807	2	2	15,33	181	967	966	1890	1.185872	2.4917145
288	1	288	368810	368807	2	7	15,30	9	60	59	90	1.740681	14.384778
289	1	289	368811	368807	2	4	15,37	16	126	125	180	1.034868	3.3857996
290	1	290	368812	368807	2	2	15,20	613	2300	2299	7725	0.912927	0.701927
291	1	291	368813	368807	2	2	15,23	241	1179	1178	2550	1.017723	0.92270498
292	1	292	368814	368807	2	2	15,24	220	793	792	2310	0.916202	2.0986208
293	1	293	368815	368807	2	2	15,17	879	3814	3813	9585	1.035742	0.62095251
294	1	294	368816	368807	2	2	15,56	28	214	213	255	1.977090	5.2510935
295	1	295	368817	368807	2	5	15,10	4	27	26	30	0.891107	18.28744
296	1	296	368818	368807	2	2	15,46	73	457	456	750	1.846055	5.16684
297	1	297	368819	368807	2	2	15,43	6	37	36	45	1.975230	11.602092
298	1	298	368820	368807	2	2	15,13	448	2026	2025	4695	1.057217	0.94995962
299	1	299	368821	368807	2	2	15,59	46	296	295	435	1.839503	5.0400213
300	1	300	368822	368807	2	2	15,50	330	1574	1573	3480	1.252075	2.5982258
301	1	301	368823	368807	2	2	15,27	248	605	604	3270	0.665297	0.71864986
302	1	302	368824	368807	2	2	15,21	399	1943	1942	4095	1.111330	0.7224994
303	1	303	368825	368807	2	2	15,53	658	3503	3502	6960	1.443799	1.3374393
304	1	304	368826	368807	2	2	15,39	377	2335	2334	3975	1.601606	1.6066997
305	1	305	368827	368807	2	2	15,47	161	582	581	1800	0.846536	1.5022385
306	1	306	373733	373732	2	7	16,30	12	76	75	120	1.678591	14.345223
307	1	307	373734	373732	2	16	16,61	2	16	15	15	2.060693	25.56812
308	1	308	373735	373732	2	2	16,13	64	402	401	615	1.223754	2.7994161
309	1	309	373736	373732	2	4	16,31	5	40	39	45	1.245533	8.5454128
310	1	310	373737	373732	2	2	16,17	62	324	323	615	1.115457	2.502701
311	1	311	373738	373732	2	3	16,10	332	2229	2228	3360	1.356542	0.87719424
312	1	312	373739	373732	2	2	16,33	64	147	146	5460	0.273223	0.32855563
313	1	313	373740	373732	2	2	16,1	536	2557	2556	5520	1.155042	0.72850801
314	1	314	373741	373732	2	5	16,35	235	855	854	2565	0.845434	0.79242563
315	1	315	373742	373732	2	2	16,27	54	298	297	540	1.114554	3.4021376
316	1	316	373743	373732	2	3	16,37	135	484	483	1500	0.811614	1.2892576
317	1	317	373744	373732	2	2	16,39	34	256	255	330	1.707379	4.5276741
318	1	318	373745	373732	2	2	16,56	39	286	285	360	1.805327	3.8932052
319	1	319	373746	373732	2	2	16,59	67	270	269	1095	1.160714	4.1515738
320	1	320	373747	373732	2	2	16,53	244	1606	1605	2550	1.594689	1.663472
321	1	321	373748	373732	2	2	16,21	189	1163	1162	1905	1.256594	1.46304
322	1	322	373749	373732	2	2	16,43	146	979	978	1380	1.791507	2.9550757
323	1	323	373750	373732	2	2	16,47	170	1259	1258	1740	1.710987	2.1283534
324	1	324	376106	376105	2	10	17,14	63	213	212	630	0.845120	2.2069578
325	1	325	376107	376105	2	16	17,5	2	16	15	15	1.874849	14.756825
326	1	326	376108	376105	2	16	17,8	2	16	15	15	1.233997	11.467956
327	1	327	376109	376105	2	16	17,55	2	16	15	15	1.111271	12.621294
328	1	328	376110	376105	2	3	17,25	94	530	529	930	1.198238	2.6989811
329	1	329	376111	376105	2	9	17,35	32	111	110	315	0.972842	7.8992902
330	1	330	376112	376105	2	7	17,59	5	34	33	45	1.699178	12.389386
331	1	331	376113	376105	2	16	17,63	2	16	15	15	1.510944	12.036527
332	1	332	376114	376105	2	5	17,41	4	27	26	30	1.921898	11.436173
333	1	333	376115	376105	2	6	17,58	4	26	25	30	3.370496	21.983684
334	1	334	376116	376105	2	2	17,27	405	2182	2181	4095	1.230343	0.94621052
335	1	335	376117	376105	2	7	17,19	23	126	125	225	1.244154	13.803047
336	1	336	376118	376105	2	2	17,36	24	139	138	240	1.167647	6.0180544
337	1	337	376119	376105	2	3	17,28	11	38	37	105	0.730450	5.3560328
338	1	338	376120	376105	2	2	17,13	6	40	39	75	2.579520	15.50907
339	1	339	376121	376105	2	2	17,50	41	284	283	390	1.811039	4.0265663
340	1	340	376122	376105	2	4	17,37	160	1014	1013	1650	1.220522	1.6293845
341	1	341	376123	376105	2	2	17,1	298	648	647	4770	0.583704	0.75930249
342	1	342	376124	376105	2	6	17,16	217	697	696	2565	0.756810	0.72906278
343	1	343	376125	376105	2	2	17,62	38	267	266	360	1.504665	4.9825429
344	1	344	376126	376105	2	2	17,32	836	4465	4464	8925	1.179799	0.69578748
345	1	345	376127	376105	2	2	17,24	661	3451	3450	6930	1.151863	1.0207071
346	1	346	376128	376105	2	3	17,17	141	451	450	3285	0.650630	3.5074365
347	1	347	376129	376105	2	3	17,10	594	3812	3811	6030	1.393382	0.71105016
348	1	348	376130	376105	2	2	17,31	771	3666	3665	8595	1.062156	0.60189797
349	1	349	376131	376105	2	2	17,42	245	1179	1178	2610	1.205843	1.8407042
350	1	350	376132	376105	2	2	17,39	36	207	206	435	1.862938	7.7115978
351	1	351	376133	376105	2	2	17,52	147	747	746	1530	1.437935	4.4393073
352	1	352	376134	376105	2	2	17,57	16	119	118	165	1.836209	8.2683023
353	1	353	376135	376105	2	2	17,51	11	87	86	120	2.171579	9.4572168
354	1	354	376136	376105	2	2	17,30	882	4852	4851	9195	1.243186	0.84168387
355	1	355	376137	376105	2	2	17,56	50	367	366	495	1.804864	4.7194489
356	1	356	376138	376105	2	3	17,60	116	620	619	1155	1.383783	2.9608451
357	1	357	376139	376105	2	7	17,47	24	133	132	240	1.393870	12.046088
358	1	358	376140	376105	2	2	17,26	1639	6675	6674	19905	0.979077	0.6866725
359	1	359	383674	383673	2	11	18,17	14	58	57	150	0.720793	6.0611005
360	1	360	383675	383673	2	10	18,24	67	224	223	675	0.694509	1.3109536
361	1	361	383676	383673	2	2	18,30	40	176	175	1200	0.499559	1.3018413
362	1	362	383677	383673	2	2	18,27	83	471	470	810	1.114354	1.6273853
363	1	363	383678	383673	2	3	18,10	26	200	199	270	1.137505	3.5579455
364	1	364	383679	383673	2	2	18,18	76	422	421	735	1.230449	3.8132694
365	1	365	383680	383673	2	2	18,1	298	1154	1153	3180	0.883097	0.82926095
366	1	366	383681	383673	2	2	18,43	62	417	416	645	1.561191	4.3430389
367	1	367	383682	383673	2	2	18,50	44	299	298	390	1.712382	4.0291969
368	1	368	383683	383673	2	2	18,59	17	115	114	150	1.813382	7.1922974
369	1	369	383684	383673	2	2	18,21	73	346	345	765	0.898879	1.6935571
370	1	370	383685	383673	2	2	18,39	172	941	940	1830	1.290554	2.4044858
371	1	371	383686	383673	2	2	18,56	276	1576	1575	2790	1.506179	1.488709
372	1	372	383687	383673	2	2	18,53	795	4533	4532	8025	1.441065	0.76664272
373	1	373	383688	383673	2	2	18,47	220	1023	1022	4485	0.917692	1.846902
374	1	374	385923	385922	2	16	19,7	2	16	15	15	1.563090	17.07936
375	1	375	385924	385922	2	2	19,17	151	820	819	1485	1.165365	1.3817596
376	1	376	385925	385922	2	5	19,33	39	248	247	375	1.433785	4.7291453
377	1	377	385926	385922	2	2	19,27	108	549	548	1095	0.968028	1.5483625
378	1	378	385927	385922	2	8	19,14	131	554	553	1320	0.966042	1.2104569
379	1	379	385928	385922	2	5	19,46	13	83	82	150	1.692414	9.6549574
380	1	380	385929	385922	2	2	19,59	13	84	83	105	2.190099	12.234747
381	1	381	385930	385922	2	2	19,30	257	1170	1169	2595	1.026445	1.1840541
382	1	382	385931	385922	2	2	19,1	298	519	518	6735	0.511013	0.79213776
383	1	383	385932	385922	2	2	19,13	172	847	846	1695	1.081156	1.3102833
384	1	384	385933	385922	2	2	19,50	60	228	227	690	1.085177	6.379911
385	1	385	385934	385922	2	2	19,20	138	703	702	1365	1.091596	1.3536466
386	1	386	385935	385922	2	4	19,31	75	486	485	720	1.306422	1.881799
387	1	387	385936	385922	2	16	19,6	2	16	15	15	1.368980	15.152937
388	1	388	385937	385922	2	16	19,0	2	16	15	15	1.981585	21.30729
389	1	389	385938	385922	2	16	19,8	2	16	15	15	2.109939	12.339105
390	1	390	385939	385922	2	16	19,5	2	16	15	15	1.824519	11.488838
391	1	391	385940	385922	2	12	19,24	193	340	339	3090	0.507402	0.60790454
392	1	392	385941	385922	2	2	19,39	64	438	437	660	1.514210	3.3773339
393	1	393	385942	385922	2	2	19,47	92	513	512	1050	1.351892	2.4933596
394	1	394	385943	385922	2	2	19,56	181	1237	1236	1860	1.629976	2.0260361
395	1	395	385944	385922	2	2	19,43	137	601	600	1425	1.164200	3.6515842
396	1	396	385945	385922	2	7	19,21	36	195	194	375	0.930300	3.037764
397	1	397	385946	385922	2	2	19,53	704	4130	4129	7290	1.540681	1.0931783
398	1	398	388772	388771	2	2	20,21	235	1281	1280	2370	1.182288	1.159863
399	1	399	388773	388771	2	12	20,33	55	117	116	750	0.535243	2.8349251
400	1	400	388774	388771	2	4	20,37	19	152	151	195	1.367605	3.7416385
401	1	401	388775	388771	2	2	20,26	38	122	121	465	0.781487	3.8952884
402	1	402	388776	388771	2	7	20,25	15	84	83	150	1.115192	6.8479407
403	1	403	388777	388771	2	12	20,30	4	20	19	30	1.918324	21.41723
404	1	404	388778	388771	2	2	20,27	138	455	454	1680	0.768677	1.4267089
405	1	405	388779	388771	2	2	20,14	15	100	99	195	1.215502	8.381009
406	1	406	388780	388771	2	2	20,17	249	795	794	4695	0.557371	0.72292277
407	1	407	388781	388771	2	3	20,10	158	1147	1146	1605	1.340341	1.3159981
408	1	408	388782	388771	2	2	20,13	692	2785	2784	7365	1.034738	0.6244923
409	1	409	388783	388771	2	2	20,59	36	205	204	315	1.728451	7.2284766
410	1	410	388784	388771	2	2	20,63	4	30	29	30	3.123966	13.071431
411	1	411	388785	388771	2	2	20,53	473	2688	2687	4830	1.476760	1.5083095
412	1	412	388786	388771	2	2	20,47	234	1573	1572	2310	1.706870	1.700106
413	1	413	388787	388771	2	2	20,39	600	3670	3669	6165	1.579591	1.4609289
414	1	414	388788	388771	2	2	20,43	1000	5998	5997	10470	1.564787	1.2164283
415	1	415	392721	392720	2	6	21,14	8	66	65	90	1.697071	21.622065
416	1	416	392722	392720	2	16	21,28	2	16	15	15	1.555229	12.231113
417	1	417	392723	392720	2	16	21,53	2	16	15	15	1.616874	9.855274
418	1	418	392724	392720	2	16	21,45	2	16	15	15	3.297189	26.000337
419	1	419	392725	392720	2	8	21,19	21	110	109	225	1.194903	10.030854
420	1	420	392726	392720	2	8	21,36	80	358	357	840	0.762961	1.1104945
421	1	421	392727	392720	2	16	21,41	2	16	15	15	1.978360	15.881685
422	1	422	392728	392720	2	16	21,25	2	16	15	15	1.085803	11.321587
423	1	423	392729	392720	2	16	21,2	2	16	15	15	1.947166	13.716362
424	1	424	392730	392720	2	2	21,17	224	1298	1297	2190	1.366875	3.538147
425	1	425	392731	392720	2	2	21,51	21	160	159	195	2.075099	6.9858764
426	1	426	392732	392720	2	4	21,50	6	52	51	60	1.861485	8.4985806
427	1	427	392733	392720	2	3	21,12	7	54	53	60	1.071586	4.6617128
428	1	428	392734	392720	2	2	21,21	546	3116	3115	5400	1.578409	3.7718851
429	1	429	392735	392720	2	3	21,18	76	375	374	735	1.091877	3.0822995
430	1	430	392736	392720	2	2	21,31	405	1784	1783	4545	1.021831	2.2374394
431	1	431	392737	392720	2	2	21,10	477	3127	3126	4800	1.430652	0.79418472
432	1	432	392738	392720	2	2	21,34	199	1194	1193	2025	1.197957	1.2401036
433	1	433	392739	392720	2	2	21,38	202	897	896	2145	0.906354	1.9502815
434	1	434	392740	392720	2	2	21,11	22	169	168	210	1.407317	3.4487931
435	1	435	392741	392720	2	2	21,27	1729	8565	8564	17955	1.263122	0.79758121
436	1	436	392742	392720	2	2	21,56	27	151	150	240	1.848990	9.1676477
437	1	437	392743	392720	2	2	21,8	27	252	251	315	1.060606	2.4656451
438	1	438	392744	392720	2	2	21,24	191	976	975	1845	1.193266	2.5916298
439	1	439	392745	392720	2	2	21,30	85	376	375	975	0.942331	2.9093532
440	1	440	392746	392720	2	2	21,6	145	1024	1023	1455	1.536102	1.565633
441	1	441	392747	392720	2	2	21,13	365	2074	2073	4095	1.185369	1.6356307
442	1	442	392748	392720	2	2	21,16	77	408	407	780	1.059475	3.3076928
443	1	443	392749	392720	2	2	21,15	625	2176	2175	7230	0.915063	0.91204965
444	1	444	392750	392720	2	2	21,32	50	317	316	495	1.347965	2.9876568
445	1	445	392751	392720	2	2	21,26	1226	4688	4687	18750	0.829957	0.89728792
446	1	446	392752	392720	2	2	21,58	263	1577	1576	2760	1.527338	1.5999135
447	1	447	392753	392720	2	2	21,52	442	2944	2943	4455	1.776809	1.5673262
448	1	448	392754	392720	2	2	21,5	638	3222	3221	6660	1.347290	1.0292486
449	1	449	392755	392720	2	3	21,33	680	3360	3359	7020	1.189160	0.68863424
450	1	450	392756	392720	2	2	21,44	417	2559	2558	4350	1.459500	1.2229571
451	1	451	392757	392720	2	2	21,1	5970	31144	31143	61530	1.536014	0.5831931
452	1	452	392758	392720	2	2	21,0	137	1075	1074	1485	1.529100	2.0088018
453	1	453	392759	392720	2	2	21,57	343	2249	2248	3495	1.637551	1.8425516
454	1	454	408426	408425	2	8	22,33	183	695	694	1815	0.898325	0.85300348
455	1	455	408427	408425	2	2	22,27	23	93	92	480	0.443344	1.230726
456	1	456	408428	408425	2	2	22,43	25	175	174	225	1.654662	4.4451121
457	1	457	408429	408425	2	2	22,39	28	215	214	270	1.382598	3.2679391
458	1	458	408430	408425	2	2	22,53	64	462	461	645	1.551476	2.2921453
459	1	459	408431	408425	2	2	22,59	113	680	679	1125	1.267086	1.4334415
460	1	460	408857	408856	2	3	23,13	98	256	255	1125	0.646576	0.98981543
461	1	461	408858	408856	2	3	23,39	130	753	752	1305	1.324325	3.4258877
462	1	462	408859	408856	2	3	23,10	398	2646	2645	4050	1.360834	0.82764431
463	1	463	408860	408856	2	4	23,21	153	462	461	7950	0.334399	0.29081373
464	1	464	408861	408856	2	2	23,17	337	1307	1306	5925	0.718243	0.54272085
465	1	465	408862	408856	2	2	23,43	50	315	314	540	1.423027	4.9465726
466	1	466	408863	408856	2	2	23,47	128	562	561	1425	1.262148	2.9296532
467	1	467	408864	408856	2	2	23,52	37	240	239	345	1.271840	3.5103302
468	1	468	410181	410180	2	6	24,14	37	213	212	420	1.115940	4.2713827
469	1	469	410182	410180	2	2	24,32	29	175	174	300	1.242260	4.646372
470	1	470	410183	410180	2	2	24,1	4	30	29	60	1.975379	14.931347
471	1	471	410184	410180	2	2	24,24	383	2194	2193	3825	1.299227	1.6299446
472	1	472	410185	410180	2	4	24,23	12	96	95	120	1.323475	4.7014654
473	1	473	410186	410180	2	2	24,37	128	679	678	1305	1.181576	1.6187716
474	1	474	410187	410180	2	3	24,10	126	953	952	1275	1.364207	1.3930589
475	1	475	410188	410180	2	2	24,59	76	415	414	795	1.303909	8.0331429
476	1	476	410189	410180	2	2	24,27	695	3023	3022	7920	0.994382	0.59533293
477	1	477	410190	410180	2	2	24,63	4	30	29	30	2.515688	13.084211
478	1	478	410191	410180	2	2	24,53	466	2636	2635	5160	1.483804	2.0034866
479	1	479	410192	410180	2	2	24,13	872	3975	3974	9255	1.097981	0.67247855
480	1	480	410193	410180	2	2	24,17	438	2157	2156	4500	1.125849	0.9241486
481	1	481	410194	410180	2	2	24,21	826	3716	3715	8535	1.066654	0.54998574
482	1	482	410195	410180	2	2	24,33	429	2020	2019	4530	1.060450	0.95997075
483	1	483	410196	410180	2	2	24,39	169	991	990	1785	1.609300	2.8790201
484	1	484	410197	410180	2	2	24,47	136	892	891	1365	1.710567	2.6895804
485	1	485	410198	410180	2	2	24,43	349	2169	2168	3690	1.543270	1.9510629
486	1	486	415343	415342	2	5	25,33	12	77	76	105	1.002051	4.5952702
487	1	487	415344	415342	2	2	25,28	108	627	626	1200	1.099493	1.703504
488	1	488	415345	415342	2	10	25,14	68	200	199	750	0.752461	2.4817498
489	1	489	415346	415342	2	2	25,27	92	446	445	945	1.047474	2.5373361
490	1	490	415347	415342	2	3	25,10	129	885	884	1290	1.312872	1.5362505
491	1	491	415348	415342	2	2	25,59	183	836	835	1875	1.173673	2.0866908
492	1	492	415349	415342	2	2	25,47	125	792	791	1275	1.704085	3.3032358
493	1	493	415350	415342	2	2	25,63	610	3573	3572	6435	1.424104	1.2435861
494	1	494	415351	415342	2	6	25,26	87	479	478	855	1.105159	1.7822986
495	1	495	415352	415342	2	2	25,53	261	1480	1479	2715	1.457807	2.7523036
496	1	496	415353	415342	2	2	25,21	520	2543	2542	5415	1.107993	0.79208572
497	1	497	415354	415342	2	2	25,13	254	895	894	2685	0.924004	1.1394918
498	1	498	415355	415342	2	2	25,17	576	2451	2450	6300	1.015875	0.63275501
499	1	499	415356	415342	2	2	25,43	191	973	972	2010	1.460356	4.1117546
500	1	500	415357	415342	2	2	25,39	650	3829	3828	6840	1.500670	1.3180487
501	1	501	419195	419194	2	7	26,38	56	294	293	555	0.910299	1.6521587
502	1	502	419196	419194	2	2	26,31	113	626	625	1155	1.191960	2.9965049
503	1	503	419197	419194	2	8	26,34	79	358	357	795	0.948828	1.3650096
504	1	504	419198	419194	2	4	26,30	131	585	584	2865	0.486185	0.98587626
505	1	505	419199	419194	2	2	26,32	712	3600	3599	7335	1.190645	0.87140938
506	1	506	419200	419194	2	2	26,16	214	1273	1272	2175	1.223927	1.4637425
507	1	507	419201	419194	2	2	26,27	16	88	87	885	0.431546	2.9366193
508	1	508	419202	419194	2	3	26,10	211	1517	1516	2100	1.441918	1.1317032
509	1	509	419203	419194	2	6	26,24	26	151	150	255	1.118706	4.8645379
510	1	510	419204	419194	2	2	26,13	251	1579	1578	2580	1.323726	1.4166261
511	1	511	419205	419194	2	2	26,1	241	502	501	3255	0.583918	0.61925941
512	1	512	419206	419194	2	5	26,26	63	377	376	600	1.473283	4.4953372
513	1	513	419207	419194	2	2	26,19	628	2313	2312	11250	0.729027	0.56897315
514	1	514	419208	419194	2	7	26,14	23	125	124	240	1.054233	6.4129531
515	1	515	419209	419194	2	2	26,15	578	2515	2514	6180	1.018069	0.85350705
516	1	516	419210	419194	2	2	26,47	18	135	134	165	1.823823	5.720266
517	1	517	419211	419194	2	2	26,59	128	631	630	1290	1.266272	5.3101326
518	1	518	419212	419194	2	2	26,33	256	1411	1410	2490	1.230557	1.0919023
519	1	519	419213	419194	2	2	26,43	87	597	596	855	1.824758	4.7113545
520	1	520	419214	419194	2	2	26,21	780	3859	3858	7995	1.189955	0.57892778
521	1	521	419215	419194	2	2	26,17	459	2333	2332	4800	1.116598	1.0945775
522	1	522	419216	419194	2	2	26,39	219	1239	1238	2160	1.417611	2.9921596
523	1	523	419217	419194	2	2	26,53	994	6326	6325	10605	1.557791	1.2818424
524	1	524	425456	425455	2	16	27,0	2	16	15	15	1.956230	28.119027
525	1	525	425457	425455	2	16	27,61	2	16	15	15	2.289514	23.338412
526	1	526	425458	425455	2	16	27,12	2	16	15	15	1.126840	11.31321
527	1	527	425459	425455	2	3	27,10	2076	11755	11754	21360	1.395131	0.46525078
528	1	528	425460	425455	2	2	27,60	11	63	62	90	1.923793	13.164735
529	1	529	425461	425455	2	5	27,27	9	70	69	90	1.870475	9.4729156
530	1	530	425462	425455	2	2	27,31	111	528	527	1125	1.072771	2.2953991
531	1	531	425463	425455	2	2	27,40	11	78	77	90	1.775096	7.8160405
532	1	532	425464	425455	2	3	27,20	29	98	97	465	0.506175	2.6369732
533	1	533	425465	425455	2	2	27,35	53	346	345	585	1.258028	3.2160313
534	1	534	425466	425455	2	5	27,23	131	806	805	1320	1.261146	1.4211236
535	1	535	425467	425455	2	8	27,36	20	113	112	210	0.843890	3.4831405
536	1	536	425468	425455	2	2	27,26	556	2981	2980	5640	1.209479	1.0925129
537	1	537	425469	425455	2	2	27,32	24	173	172	225	1.322368	3.2938585
538	1	538	425470	425455	2	3	27,34	27	103	102	255	0.725026	4.6853807
539	1	539	425471	425455	2	2	27,28	47	296	295	570	1.043454	3.2295363
540	1	540	425472	425455	2	3	27,18	286	956	955	3180	0.815022	2.1122556
541	1	541	425473	425455	2	6	27,62	39	234	233	405	1.216498	3.908037
542	1	542	425474	425455	2	2	27,46	10	75	74	90	1.295616	5.5441846
543	1	543	425475	425455	2	2	27,33	275	740	739	3210	0.724082	0.84297592
544	1	544	425476	425455	2	2	27,2	8	56	55	60	1.551377	7.2839219
545	1	545	425477	425455	2	2	27,50	12	101	100	120	1.903271	7.3058857
546	1	546	425478	425455	2	2	27,30	809	3686	3685	9480	1.028960	0.69936205
547	1	547	425479	425455	2	2	27,5	24	171	170	225	2.068293	5.810087
548	1	548	425480	425455	2	2	27,24	668	2505	2504	7050	0.974491	0.85108197
549	1	549	425481	425455	2	2	27,54	13	81	80	105	1.851256	7.3632996
550	1	550	425482	425455	2	2	27,1	400	2779	2778	3915	1.713625	1.553774
551	1	551	425483	425455	2	2	27,6	393	2476	2475	3885	1.504225	1.1221645
552	1	552	425484	425455	2	2	27,25	436	2062	2061	4620	1.095019	0.97566717
553	1	553	425485	425455	2	2	27,56	271	1759	1758	2640	1.671962	1.3996729
554	1	554	425486	425455	2	2	27,44	363	2407	2406	3750	1.639858	1.3176145
555	1	555	425487	425455	2	2	27,59	168	1142	1141	1635	1.696318	1.8855797
556	1	556	425488	425455	2	2	27,52	177	1187	1186	1830	1.617843	1.9939604
557	1	557	432887	432886	2	8	28,32	92	362	361	960	0.817641	1.2448666
558	1	558	432888	432886	2	16	28,63	2	16	15	15	3.002241	21.997925
559	1	559	432889	432886	2	2	28,27	154	551	550	1740	0.775498	1.041902
560	1	560	432890	432886	2	2	28,13	101	491	490	1095	0.982669	1.3226037
561	1	561	432891	432886	2	7	28,33	126	578	577	1260	0.972342	1.284425
562	1	562	432892	432886	2	2	28,31	45	324	323	495	1.195848	2.1073689
563	1	563	432893	432886	2	3	28,10	10	93	92	105	1.352424	5.2025333
564	1	564	432894	432886	2	2	28,17	424	1795	1794	4950	0.960403	0.68676856
565	1	565	432895	432886	2	2	28,20	19	104	103	180	1.269701	5.6641121
566	1	566	432896	432886	2	2	28,30	131	409	408	1605	0.737006	0.98454615
567	1	567	432897	432886	2	5	28,1	21	90	89	255	0.584405	2.7621319
568	1	568	432898	432886	2	2	28,53	126	794	793	1275	1.529467	3.1577705
569	1	569	432899	432886	2	2	28,59	42	283	282	420	1.560740	4.0298098
570	1	570	432900	432886	2	2	28,46	19	125	124	180	2.536979	9.0842399
571	1	571	432901	432886	2	2	28,47	42	315	314	405	1.854464	5.6554031
572	1	572	432902	432886	2	2	28,50	107	503	502	990	1.385240	3.7843978
573	1	573	432903	432886	2	2	28,56	342	1760	1759	3540	1.363659	1.5674158
574	1	574	432904	432886	2	2	28,43	212	1166	1165	2175	1.448617	2.0927048
575	1	575	432905	432886	2	2	28,39	186	1127	1126	1815	1.491177	2.2715077
576	1	576	435070	435069	2	5	29,33	43	223	222	3135	0.258360	0.26484446
577	1	577	435071	435069	2	2	29,59	22	146	145	225	1.172573	4.1306501
578	1	578	435134	435133	2	16	30,34	2	16	15	15	1.988130	20.971543
579	1	579	435135	435133	2	10	30,26	10	51	50	105	0.994866	11.668636
580	1	580	435136	435133	2	8	30,25	54	245	244	525	0.901966	4.4641413
581	1	581	435137	435133	2	3	30,46	4	29	28	30	2.760402	14.30868
582	1	582	435138	435133	2	7	30,35	130	605	604	1335	0.925398	1.1329473
583	1	583	435139	435133	2	16	30,8	2	16	15	15	2.007823	14.050854
584	1	584	435140	435133	2	2	30,1	90	313	312	1155	0.782437	1.8581707
585	1	585	435141	435133	2	2	30,24	134	749	748	1455	1.144089	3.1844047
586	1	586	435142	435133	2	2	30,27	571	2917	2916	5820	1.216682	0.93034796
587	1	587	435143	435133	2	7	30,18	12	75	74	120	1.458072	10.149467
588	1	588	435144	435133	2	3	30,30	21	141	140	210	1.354007	4.5420619
589	1	589	435145	435133	2	2	30,14	16	110	109	150	1.373272	6.9010024
590	1	590	435146	435133	2	2	30,23	255	1622	1621	2625	1.277435	0.99587933
591	1	591	435147	435133	2	2	30,16	834	4104	4103	8625	1.175930	0.75965145
592	1	592	435148	435133	2	2	30,31	94	601	600	945	1.303147	2.8175538
593	1	593	435149	435133	2	2	30,37	182	1020	1019	3375	0.719944	0.80474745
594	1	594	435150	435133	2	2	30,13	250	1161	1160	2610	1.123450	2.076346
595	1	595	435151	435133	2	2	30,17	493	2726	2725	5265	1.187277	1.0456018
596	1	596	435152	435133	2	3	30,10	372	2518	2517	3915	1.310176	0.86041398
597	1	597	435153	435133	2	2	30,47	234	1201	1200	2490	1.301208	3.6718635
598	1	598	435154	435133	2	2	30,59	42	293	292	435	1.688315	6.077395
599	1	599	435155	435133	2	2	30,39	61	362	361	615	1.870342	5.5494164
600	1	600	435156	435133	2	2	30,32	189	771	770	2400	0.920783	2.2975275
601	1	601	435157	435133	2	2	30,21	930	3416	3415	11625	0.923306	0.6167495
602	1	602	435158	435133	2	2	30,19	172	780	779	1755	0.986207	2.0007617
603	1	603	435159	435133	2	2	30,33	458	1914	1913	4665	1.036402	1.0187801
604	1	604	435160	435133	2	2	30,15	176	893	892	1890	1.052087	1.7702912
605	1	605	435161	435133	2	2	30,53	398	2421	2420	4080	1.480593	1.5153566
606	1	606	435162	435133	2	2	30,43	158	1124	1123	1515	1.728862	2.4249647
607	1	607	441450	441449	2	7	31,63	9	49	48	75	2.356191	14.666717
608	1	608	441451	441449	2	7	31,28	95	456	455	945	1.092465	2.0536653
609	1	609	441452	441449	2	2	31,49	4	30	29	30	2.231333	12.599641
610	1	610	441453	441449	2	2	31,27	76	503	502	855	1.281074	2.1158976
611	1	611	441454	441449	2	2	31,52	4	30	29	30	1.970549	20.648639
612	1	612	441455	441449	2	2	31,15	131	564	563	1305	0.940261	1.7513673
613	1	613	441456	441449	2	2	31,24	48	294	293	450	1.357654	2.8153289
614	1	614	441457	441449	2	2	31,13	246	1051	1050	2655	0.958346	1.0037799
615	1	615	441458	441449	2	3	31,33	11	62	61	90	1.528460	6.5439195
616	1	616	441459	441449	2	2	31,20	36	192	191	450	0.861823	2.7677946
617	1	617	441460	441449	2	2	31,31	121	389	388	1515	0.869578	4.0005485
618	1	618	441461	441449	2	2	31,14	32	239	238	375	1.091127	3.9587353
619	1	619	441462	441449	2	2	31,17	98	440	439	1035	1.042120	2.6127277
620	1	620	441463	441449	2	2	31,32	544	2767	2766	6045	1.101063	0.90466524
621	1	621	441464	441449	2	2	31,51	15	103	102	135	1.960009	7.1631089
622	1	622	441465	441449	2	2	31,41	37	256	255	345	1.864486	5.0803019
623	1	623	441466	441449	2	16	31,2	2	16	15	15	1.997124	15.867041
624	1	624	441467	441449	2	2	31,1	155	538	537	1800	0.808127	2.3062651
625	1	625	441468	441449	2	2	31,50	25	200	199	240	1.704758	5.0997183
626	1	626	441469	441449	2	2	31,39	180	1132	1131	1845	1.685618	2.1738835
627	1	627	441470	441449	2	2	31,61	51	357	356	525	1.471292	4.4775757
628	1	628	441471	441449	2	2	31,59	118	803	802	1155	1.629591	2.3060393
629	1	629	441472	441449	2	2	31,21	270	1042	1041	2850	0.959294	1.254933
630	1	630	441473	441449	2	16	31,42	2	16	15	15	1.969110	20.008366
631	1	631	441474	441449	2	2	31,46	460	2629	2628	4620	1.453625	1.3576545
632	1	632	441475	441449	2	2	31,47	350	2134	2133	4035	1.559121	2.2696892
633	1	633	441476	441449	2	2	31,58	175	1206	1205	1770	1.604931	2.2742659
634	1	634	441477	441449	2	3	31,10	1726	9953	9952	17820	1.403447	0.4885364
635	1	635	441478	441449	2	2	31,53	512	3360	3359	5175	1.654357	1.3877807
636	1	636	441479	441449	2	2	31,43	378	1867	1866	6030	1.113745	2.8440354
637	1	637	441480	441449	2	2	31,54	78	523	522	765	1.569639	2.6113597
638	1	638	447409	447408	2	2	32,30	331	1144	1143	3780	0.868436	1.2457813
639	1	639	447410	447408	2	7	32,24	9	70	69	105	1.436961	14.791456
640	1	640	447411	447408	2	11	32,25	5	26	25	45	1.399103	18.547754
641	1	641	447412	447408	2	9	32,38	8	51	50	90	1.002919	5.5058296
642	1	642	447413	447408	2	2	32,27	140	657	656	1545	1.060311	2.8728359
643	1	643	447414	447408	2	2	32,37	26	145	144	270	1.829602	6.3252038
644	1	644	447415	447408	2	8	32,15	24	120	119	270	1.003927	7.5318434
645	1	645	447416	447408	2	2	32,13	195	1174	1173	1980	1.197570	1.3985
646	1	646	447417	447408	2	3	32,10	531	3526	3525	5385	1.399065	0.74408438
647	1	647	447418	447408	2	2	32,20	338	1676	1675	3915	1.028421	1.1295166
648	1	648	447419	447408	2	2	32,17	643	3483	3482	6795	1.197175	1.305036
649	1	649	447420	447408	2	2	32,63	79	452	451	855	1.501036	5.1847282
650	1	650	447421	447408	2	2	32,61	88	617	616	900	1.688403	2.9011179
651	1	651	447422	447408	2	2	32,43	111	659	658	1155	1.618777	3.6553054
652	1	652	447423	447408	2	2	32,39	156	910	909	1560	1.537463	2.519197
653	1	653	447424	447408	2	5	32,33	141	834	833	1395	1.260825	2.0692781
654	1	654	447425	447408	2	2	32,21	780	4130	4129	7950	1.246921	1.0077789
655	1	655	447426	447408	2	2	32,47	294	1815	1814	2895	1.555843	1.858863
656	1	656	447427	447408	2	2	32,59	86	578	577	855	1.823797	4.037116
657	1	657	447428	447408	2	2	32,53	1289	7802	7801	12810	1.612375	0.90278157
658	1	658	447429	447408	2	2	32,56	141	900	899	1440	1.619479	5.5949451
659	1	659	447430	447408	2	2	32,46	4162	22731	22730	43365	1.553342	0.54459653
660	1	660	456965	456964	2	6	33,16	53	308	307	525	1.088874	2.0520419
661	1	661	456966	456964	2	16	33,58	2	16	15	15	2.115065	18.325401
662	1	662	456967	456964	2	2	33,24	378	1807	1806	3765	1.091906	0.91369966
663	1	663	456968	456964	2	3	33,23	96	177	176	4335	0.372749	0.55722647
664	1	664	456969	456964	2	5	33,26	44	290	289	435	1.207626	2.6205349
665	1	665	456970	456964	2	2	33,57	6	41	40	45	1.820524	11.458647
666	1	666	456971	456964	2	3	33,19	17	94	93	150	1.391283	8.053979
667	1	667	456972	456964	2	5	33,56	5	38	37	45	1.800092	11.537467
668	1	668	456973	456964	2	2	33,17	104	540	539	3510	0.523718	0.73964189
669	1	669	456974	456964	2	2	33,30	149	783	782	1515	1.182033	2.1443794
670	1	670	456975	456964	2	2	33,15	830	3136	3135	10140	0.900730	0.45991208
671	1	671	456976	456964	2	7	33,50	6	33	32	45	2.125816	14.095188
672	1	672	456977	456964	2	2	33,25	298	1333	1332	3120	1.002510	0.87359097
673	1	673	456978	456964	2	9	33,18	63	263	262	675	0.821556	1.9513634
674	1	674	456979	456964	2	2	33,32	288	1407	1406	3060	1.105335	0.87662896
675	1	675	456980	456964	2	2	33,54	102	581	580	1095	1.369240	1.8502865
676	1	676	456981	456964	2	2	33,52	188	1192	1191	1890	1.690001	2.5019572
677	1	677	456982	456964	2	2	33,31	1273	6720	6719	13215	1.301221	0.55433517
678	1	678	460850	460849	2	3	34,10	158	1117	1116	1650	1.322580	1.3190627
679	1	679	460851	460849	2	2	34,17	68	323	322	630	0.925980	1.7415238
680	1	680	460852	460849	2	2	34,47	76	418	417	750	1.310873	3.6669762
681	1	681	460853	460849	2	2	34,13	22	111	110	240	0.985689	4.0265979
682	1	682	460854	460849	2	2	34,39	32	196	195	300	1.707031	5.9852205
683	1	683	460855	460849	2	2	34,21	400	1529	1528	4995	0.819081	0.55365069
684	1	684	460856	460849	2	3	34,27	164	666	665	1650	0.909816	0.86626508
685	1	685	460857	460849	2	2	34,53	69	353	352	690	1.313151	3.6740038
686	1	686	460858	460849	2	2	34,43	63	396	395	630	1.429770	2.9535847
687	1	687	461894	461893	2	3	35,10	39	283	282	420	1.329541	3.0524419
688	1	688	461895	461893	2	14	35,17	5	20	19	45	2.164991	21.9401
689	1	689	461896	461893	2	2	35,21	176	856	855	1770	1.062922	2.0097787
690	1	690	461897	461893	2	7	35,14	16	99	98	165	1.090730	4.6503909
691	1	691	461898	461893	2	2	35,13	369	1505	1504	3990	0.933965	0.7840374
692	1	692	461899	461893	2	2	35,56	23	169	168	210	1.837169	6.7562723
693	1	693	461900	461893	2	2	35,39	310	1704	1703	3360	1.316212	1.4773538
694	1	694	461901	461893	2	2	35,47	594	3456	3455	6210	1.561896	1.1591468
695	1	695	461902	461893	2	2	35,53	167	1014	1013	1695	1.416456	1.7576048
696	1	696	461903	461893	2	2	35,46	2537	12947	12946	25815	1.453973	0.62625155
697	1	697	461904	461893	2	2	35,43	636	3693	3692	6585	1.474215	1.1195907
698	1	698	466756	466755	2	16	36,39	2	16	15	15	1.890809	18.890282
699	1	699	466757	466755	2	4	36,21	34	209	208	315	0.970535	2.3845037
700	1	700	466758	466755	2	2	36,17	98	501	500	990	0.874502	1.0718687
701	1	701	466759	466755	2	6	36,32	9	65	64	90	0.912017	3.2641356
702	1	702	466760	466755	2	7	36,18	20	126	125	210	0.854292	2.1592295
703	1	703	466915	466914	2	6	37,15	78	425	424	855	1.126333	2.043688
704	1	704	466916	466914	2	7	37,14	12	71	70	120	1.257626	6.9991216
705	1	705	466917	466914	2	7	37,30	14	92	91	150	1.514917	7.3160823
706	1	706	466918	466914	2	6	37,27	244	1266	1265	2595	1.058930	0.88199495
707	1	707	466919	466914	2	2	37,1	299	1360	1359	4365	0.802265	0.65338143
708	1	708	466920	466914	2	3	37,10	364	2374	2373	3735	1.320172	0.90926627
709	1	709	466921	466914	2	5	37,47	9	69	68	90	1.883993	12.55857
710	1	710	466922	466914	2	2	37,43	238	1682	1681	2430	1.460768	1.6461635
711	1	711	466923	466914	2	2	37,53	923	5089	5088	9480	1.401415	0.79209733
712	1	712	469088	469087	2	5	38,17	67	444	443	675	1.086982	1.6043934
713	1	713	469089	469087	2	8	38,35	8	56	55	90	0.780818	4.2099316
714	1	714	469090	469087	2	6	38,53	6	34	33	45	1.173355	8.0507597
715	1	715	469091	469087	2	2	38,13	191	919	918	2025	0.896835	0.80732785
716	1	716	469357	469356	2	16	39,3	2	16	15	15	0.502534	11.496261
717	1	717	469358	469356	2	4	39,55	6	34	33	45	2.850384	20.124777
718	1	718	469359	469356	2	2	39,8	49	367	366	495	1.101854	1.9090384
719	1	719	469360	469356	2	2	39,10	21	151	150	180	1.499623	3.7616342
720	1	720	469361	469356	2	2	39,46	75	567	566	750	1.589930	3.3476814
721	1	721	469362	469356	2	2	39,53	28	203	202	270	1.525215	4.9430694
722	1	722	469363	469356	2	2	39,7	49	412	411	480	1.895289	3.0184612
723	1	723	469364	469356	2	2	39,12	31	245	244	330	1.136770	2.4092686
724	1	724	469365	469356	2	2	39,62	35	312	311	360	1.781143	3.1560975
725	1	725	469366	469356	2	2	39,2	42	392	391	480	1.461264	2.2569777
726	1	726	469367	469356	2	2	39,48	74	420	419	750	1.270124	5.9798268
727	1	727	469368	469356	2	2	39,43	36	283	282	375	2.061137	5.2596381
728	1	728	469369	469356	2	2	39,6	225	1656	1655	2280	1.547709	1.1851803
729	1	729	469370	469356	2	2	39,64	97	762	761	1005	1.636177	3.0942512
730	1	730	469371	469356	2	2	39,5	98	751	750	1020	1.666048	4.7798436
731	1	731	469372	469356	2	2	39,11	27	239	238	285	1.368871	3.2644843
732	1	732	469373	469356	2	2	39,54	981	6485	6484	10020	1.768703	1.5074209
733	1	733	469374	469356	2	2	39,0	141	1184	1183	1440	1.959068	2.1812981
734	1	734	469375	469356	2	2	39,45	1298	8215	8214	13395	1.582566	2.1217698
735	1	735	469376	469356	2	2	39,42	2988	19902	19901	30630	1.714882	2.3590866
736	1	736	469377	469356	2	2	39,40	841	5530	5529	8595	1.680800	2.7861112
737	1	737	469378	469356	2	2	39,57	5417	34060	34059	55140	1.723210	0.98339845
738	1	738	469379	469356	2	2	39,44	475	3049	3048	4785	1.704804	3.1275145
739	1	739	469380	469356	2	2	39,59	1065	6457	6456	10965	1.602816	2.088048
740	1	740	469381	469356	2	2	39,41	2199	14084	14083	22875	1.646719	1.8334657
741	1	741	469382	469356	2	2	39,63	3560	22581	22580	36900	1.596274	0.62172557
742	1	742	469383	469356	2	2	39,61	801	5612	5611	8145	1.678043	1.7607074
743	1	743	469384	469356	2	2	39,1	3844	23994	23993	38340	1.879303	0.83021842
744	1	744	469385	469356	2	2	39,60	3440	19618	19617	35085	1.570594	0.79417248
745	1	745	469386	469356	2	2	39,47	3183	20693	20692	32850	1.692254	1.6368126
746	1	746	469387	469356	2	2	39,51	2427	16194	16193	24825	1.718548	1.8087748
747	1	747	469388	469356	2	2	39,58	11627	67773	67772	119160	1.682449	1.4470027
748	1	748	469389	469356	2	2	39,50	5730	35811	35810	58545	1.700993	2.0439979
749	1	749	469390	469356	2	2	39,49	2163	13462	13461	22260	1.607330	1.6732347
750	1	750	469391	469356	2	2	39,56	9792	62006	62005	101085	1.728680	1.5133949
751	1	751	469392	469356	2	2	39,52	14218	83342	83341	145365	1.710041	1.0195512
752	1	752	546407	546406	2	16	40,61	2	16	15	15	2.919452	24.372222
753	1	753	546408	546406	2	16	40,12	2	16	15	15	0.557892	5.5498211
754	1	754	546409	546406	2	7	40,52	4	25	24	30	1.523051	11.798939
755	1	755	546410	546406	2	3	40,10	6	55	54	60	1.323751	6.4619189
756	1	756	546411	546406	2	2	40,11	9	65	64	75	1.218799	4.933732
757	1	757	546412	546406	2	2	40,2	8	69	68	75	1.780535	6.8076583
758	1	758	546413	546406	2	2	40,0	6	58	57	60	1.868105	8.2947475
759	1	759	546414	546406	2	2	40,5	29	204	203	270	1.425200	3.358987
760	1	760	546415	546406	2	3	40,51	8	51	50	60	1.831375	8.6354452
761	1	761	546416	546406	2	2	40,7	4	30	29	30	1.842099	10.344271
762	1	762	546417	546406	2	2	40,8	14	117	116	135	1.406382	4.4171525
763	1	763	546418	546406	2	2	40,6	40	306	305	390	1.571253	2.8533184
764	1	764	546419	546406	2	2	40,58	140	1077	1076	1410	1.636677	2.0454615
765	1	765	546420	546406	2	3	40,42	20	118	117	165	2.088346	9.01158
766	1	766	546421	546406	2	2	40,46	29	192	191	270	1.813012	6.3066133
767	1	767	546422	546406	2	2	40,47	530	3592	3591	5400	1.715844	1.5819678
768	1	768	546423	546406	2	2	40,40	86	676	675	870	1.817620	2.8076518
769	1	769	546424	546406	2	2	40,1	81	661	660	810	1.759633	2.2921689
770	1	770	546425	546406	2	2	40,63	1110	6926	6925	11310	1.609182	0.87696031
771	1	771	546426	546406	2	2	40,50	1781	11403	11402	18270	1.633721	0.8071001
772	1	772	546427	546406	2	2	40,53	1431	9468	9467	14490	1.718186	1.4719572
773	1	773	546428	546406	2	2	40,57	206	1317	1316	1935	1.751592	3.0640617
774	1	774	546429	546406	2	2	40,39	1137	7451	7450	11670	1.721620	1.3936039
775	1	775	546430	546406	2	2	40,56	1569	8993	8992	16515	1.563968	1.1133101
776	1	776	546431	546406	2	2	40,48	101	623	622	1035	1.400215	3.6892374
777	1	777	546432	546406	2	2	40,59	1863	11335	11334	19035	1.632915	0.98154898
778	1	778	546433	546406	2	2	40,43	5491	33196	33195	55620	1.728355	0.72655721
779	1	779	562088	562087	2	2	41,12	4	30	29	30	1.399342	9.4540762
780	1	780	562089	562087	2	3	41,10	4	29	28	30	1.505660	8.7193145
781	1	781	562090	562087	2	16	41,45	2	16	15	15	2.711789	19.400873
782	1	782	562091	562087	2	16	41,2	2	16	15	15	1.124122	8.2986241
783	1	783	562092	562087	2	16	41,5	2	16	15	15	1.964344	15.451028
784	1	784	562093	562087	2	2	41,57	15	120	119	135	2.130257	7.6949198
785	1	785	562094	562087	2	3	41,55	32	123	122	285	1.088146	5.8897153
786	1	786	562095	562087	2	16	41,7	2	16	15	15	1.819682	22.033709
787	1	787	562096	562087	2	2	41,8	10	68	67	75	0.908319	4.5388149
788	1	788	562097	562087	2	2	41,11	8	51	50	60	1.791110	6.5401652
789	1	789	562098	562087	2	2	41,0	10	78	77	90	1.547754	6.4201062
790	1	790	562099	562087	2	2	41,1	97	790	789	1020	2.064214	2.8172029
791	1	791	562100	562087	2	2	41,63	169	1345	1344	1725	1.582913	1.3958057
792	1	792	562101	562087	2	2	41,6	22	180	179	210	1.622237	4.1195334
793	1	793	562102	562087	2	2	41,49	1468	10213	10212	15210	1.661546	0.78872663
794	1	794	562103	562087	2	2	41,56	833	5439	5438	8490	1.748061	1.4103288
795	1	795	562104	562087	2	2	41,50	636	4296	4295	6405	1.721669	1.822831
796	1	796	562105	562087	2	2	41,39	2249	14044	14043	23040	1.685959	1.1707985
797	1	797	562106	562087	2	2	41,59	687	4609	4608	6990	1.727085	2.0827089
798	1	798	562107	562087	2	2	41,41	299	1729	1728	2985	1.693556	3.1788613
799	1	799	562108	562087	2	2	41,58	923	6466	6465	9585	1.638699	1.0759421
800	1	800	562109	562087	2	2	41,53	4307	23122	23121	44730	1.618708	0.92334267
801	1	801	562110	562087	2	2	41,46	4355	27400	27399	44400	1.707399	0.6490991
802	1	802	562111	562087	2	2	41,47	927	5979	5978	9495	1.657531	1.6919277
803	1	803	562112	562087	2	2	41,43	4636	29900	29899	48000	1.642700	0.49677365
804	1	804	583763	583762	2	16	42,58	2	16	15	15	1.780668	15.380798
805	1	805	583764	583762	2	2	42,54	7	53	52	60	1.968065	9.1829148
806	1	806	583765	583762	2	2	42,48	6	38	37	45	1.817042	12.792349
807	1	807	583766	583762	2	2	42,46	9	65	64	75	2.002378	9.3048007
808	1	808	583767	583762	2	2	42,41	6	41	40	45	1.691568	8.1022015
809	1	809	583768	583762	2	2	42,44	57	411	410	570	1.644802	2.9009828
810	1	810	583769	583762	2	6	42,49	6	33	32	45	1.897758	15.673066
811	1	811	583770	583762	2	2	42,51	68	491	490	645	1.802382	4.5161993
812	1	812	583771	583762	2	2	42,61	269	1434	1433	2775	1.385281	5.048492
813	1	813	583772	583762	2	2	42,45	192	1429	1428	1965	1.579876	1.854248
814	1	814	583773	583762	2	2	42,60	167	926	925	1650	1.578337	4.3784114
815	1	815	583774	583762	2	2	42,52	133	791	790	1365	1.420182	2.4059073
816	1	816	583775	583762	2	2	42,42	241	1808	1807	2550	1.757489	2.5674015
817	1	817	583776	583762	2	2	42,59	524	3647	3646	5355	1.685728	1.8049456
818	1	818	583777	583762	2	2	42,5	367	2259	2258	3645	1.520460	1.1971647
819	1	819	583778	583762	2	2	42,7	144	1151	1150	1515	1.727984	1.7710352
820	1	820	583779	583762	2	2	42,50	387	2887	2886	4035	1.634488	1.4101309
821	1	821	583780	583762	2	2	42,56	750	4954	4953	7650	1.766845	2.2675766
822	1	822	583781	583762	2	2	42,2	257	1923	1922	2805	1.342009	0.90719308
823	1	823	583782	583762	2	2	42,63	634	4774	4773	6765	1.659301	0.86608915
824	1	824	583783	583762	2	2	42,12	290	1924	1923	3150	1.138765	0.77619437
825	1	825	583784	583762	2	2	42,11	569	3697	3696	5730	1.466715	0.73575061
826	1	826	583785	583762	2	2	42,10	537	3718	3717	5355	1.511322	0.79377397
827	1	827	583786	583762	2	2	42,0	1093	7844	7843	11190	1.724435	0.74287421
828	1	828	583787	583762	2	2	42,57	1923	12856	12855	19785	1.619861	0.59728009
829	1	829	583788	583762	2	2	42,39	1381	8720	8719	14160	1.606281	2.1534016
830	1	830	583789	583762	2	2	42,43	4886	31104	31103	49830	1.756234	1.4137327
831	1	831	583790	583762	2	2	42,6	2758	16893	16892	28350	1.564273	0.38771103
832	1	832	583791	583762	2	2	42,53	2822	18345	18344	28890	1.658996	1.7603925
833	1	833	583792	583762	2	2	42,8	795	4302	4301	10305	1.002785	0.45967466
834	1	834	583793	583762	2	2	42,47	2522	15869	15868	25230	1.711957	1.5752785
835	1	835	583794	583762	2	2	42,1	19841	113553	113552	201315	1.705223	0.25353785
836	1	836	627375	627374	2	2	43,64	10	81	80	90	1.703930	7.3716909
837	1	837	627376	627374	2	2	43,59	65	491	490	645	1.694525	5.4760409
838	1	838	627377	627374	2	2	43,48	18	112	111	150	1.581058	6.3553646
839	1	839	627378	627374	2	3	43,55	155	986	985	1545	1.420547	2.2540981
840	1	840	627379	627374	2	2	43,46	230	1453	1452	2295	1.804429	4.1836859
841	1	841	627380	627374	2	2	43,49	154	1191	1190	1545	1.654568	1.6250584
842	1	842	627381	627374	2	2	43,61	897	6270	6269	9375	1.663275	3.9745905
843	1	843	627382	627374	2	2	43,2	615	4154	4153	6420	1.379260	0.63287259
844	1	844	627383	627374	2	2	43,62	481	2849	2848	4665	1.534489	1.941954
845	1	845	627384	627374	2	2	43,45	526	3661	3660	5325	1.807051	2.058641
846	1	846	627385	627374	2	2	43,40	161	1173	1172	1560	1.774011	2.3724812
847	1	847	627386	627374	2	2	43,7	275	2228	2227	2805	1.823401	1.391226
848	1	848	627387	627374	2	2	43,12	705	4158	4157	7815	1.210889	0.56562658
849	1	849	627388	627374	2	2	43,54	1306	8684	8683	13185	1.662472	0.93617377
850	1	850	627389	627374	2	2	43,11	1050	6488	6487	10605	1.508114	0.60297385
851	1	851	627390	627374	2	2	43,6	5306	30237	30236	54540	1.537247	0.28635017
852	1	852	627391	627374	2	2	43,0	2013	13883	13882	20460	1.724936	0.73434763
853	1	853	627392	627374	2	2	43,63	1437	9653	9652	14685	1.704551	1.9638853
854	1	854	627393	627374	2	2	43,60	1533	9179	9178	15330	1.639530	1.6882819
855	1	855	627394	627374	2	2	43,50	4932	31592	31591	50805	1.676386	1.7899032
856	1	856	627395	627374	2	2	43,47	1862	11875	11874	18915	1.695876	1.4993602
857	1	857	627396	627374	2	2	43,41	1621	9924	9923	17850	1.625910	2.1577747
858	1	858	627397	627374	2	2	43,10	1080	6991	6990	10785	1.519808	0.57543457
859	1	859	627398	627374	2	2	43,5	968	5993	5992	9795	1.614398	1.3554284
860	1	860	627399	627374	2	2	43,58	4265	26601	26600	43410	1.673798	1.9429951
861	1	861	627400	627374	2	2	43,8	1753	8587	8586	23325	1.044153	0.34253772
862	1	862	627401	627374	2	2	43,53	536	3640	3639	5475	1.694989	2.4019649
863	1	863	627402	627374	2	2	43,51	2358	15819	15818	24090	1.728336	2.4868438
864	1	864	627403	627374	2	2	43,57	9009	56261	56260	92745	1.705692	1.7061138
865	1	865	627404	627374	2	2	43,39	8707	54344	54343	89385	1.722279	1.9935269
866	1	866	627405	627374	2	2	43,56	16222	97509	97508	166905	1.716723	0.95980561
867	1	867	627406	627374	2	2	43,42	5126	32457	32456	52425	1.651269	0.41684197
868	1	868	627407	627374	2	2	43,43	5266	35012	35011	54375	1.729143	1.28323
869	1	869	627408	627374	2	2	43,1	38706	210732	210731	393105	1.727498	0.33659338
870	1	870	627409	627374	2	2	43,44	1280	7821	7820	12960	1.576932	1.2089296
871	1	871	627410	627374	2	2	43,52	10489	64868	64867	108150	1.697771	1.4474666
872	1	872	758457	758456	2	16	44,52	2	16	15	15	1.128383	11.013944
873	1	873	758458	758456	2	2	44,63	50	377	376	495	1.396547	2.4435072
874	1	874	758459	758456	2	2	44,57	46	372	371	465	1.765667	3.5636451
875	1	875	758460	758456	2	2	44,10	62	511	510	630	1.599417	3.2970313
876	1	876	758461	758456	2	2	44,11	80	593	592	795	1.467629	1.8780069
877	1	877	758462	758456	2	2	44,7	34	297	296	345	1.889506	3.912504
878	1	878	758463	758456	2	2	44,2	28	234	233	300	1.284460	2.8753512
879	1	879	758464	758456	2	2	44,8	130	972	971	1530	1.047676	1.1056359
880	1	880	758465	758456	2	2	44,0	191	1543	1542	1935	1.827858	1.71467
881	1	881	758466	758456	2	2	44,12	46	384	383	495	1.201342	1.8249668
882	1	882	758467	758456	2	2	44,5	18	152	151	180	1.534654	3.6857283
883	1	883	758468	758456	2	2	44,6	288	2077	2076	2880	1.548098	1.0807301
884	1	884	758469	758456	2	2	44,56	1573	8340	8339	16155	1.506147	1.0328325
885	1	885	758470	758456	2	2	44,58	565	4050	4049	5760	1.713064	2.0264944
886	1	886	758471	758456	2	2	44,47	1363	8947	8946	13980	1.699750	2.254351
887	1	887	758472	758456	2	2	44,44	900	5807	5806	9000	1.630342	1.9828421
888	1	888	758473	758456	2	2	44,50	495	3315	3314	5070	1.778657	2.5079521
889	1	889	758474	758456	2	2	44,43	2094	13939	13938	21390	1.689784	1.8023845
890	1	890	758475	758456	2	2	44,1	6537	39111	39110	66375	1.696165	0.50785041
891	1	891	758476	758456	2	2	44,39	2069	12341	12340	21450	1.632148	1.8252975
892	1	892	758477	758456	2	2	44,59	810	5202	5201	8205	1.693995	1.9821756
893	1	893	758478	758456	2	2	44,53	4660	26473	26472	47325	1.603714	1.6404918
894	1	894	780477	780476	2	16	45,54	2	16	15	15	1.748440	12.9101
895	1	895	780478	780476	2	6	45,44	6	35	34	45	1.916314	12.717394
896	1	896	780479	780476	2	6	45,40	70	407	406	735	1.274663	3.1054457
897	1	897	780480	780476	2	2	45,42	35	253	252	360	1.564018	4.7275377
898	1	898	780481	780476	2	2	45,7	71	597	596	720	1.847703	2.5669537
899	1	899	780482	780476	2	2	45,63	21	170	169	195	1.757263	3.9732202
900	1	900	780483	780476	2	2	45,2	49	452	451	540	1.439254	2.2281583
901	1	901	780484	780476	2	2	45,5	128	947	946	1320	1.524479	2.3415197
902	1	902	780485	780476	2	2	45,45	147	1148	1147	1560	1.760698	3.2015722
903	1	903	780486	780476	2	2	45,10	116	910	909	1170	1.546490	2.2957208
904	1	904	780487	780476	2	3	45,58	84	622	621	870	1.678638	8.0924337
905	1	905	780488	780476	2	2	45,11	122	921	920	1245	1.466405	1.5693356
906	1	906	780489	780476	2	2	45,51	133	779	778	1320	1.327574	1.7514098
907	1	907	780490	780476	2	2	45,12	66	564	563	705	1.378867	1.8540216
908	1	908	780491	780476	2	2	45,8	265	1613	1612	2940	0.996200	0.74024503
909	1	909	780492	780476	2	2	45,6	516	3653	3652	5280	1.593792	0.80173144
910	1	910	780493	780476	2	2	45,52	421	2837	2836	4470	1.709690	2.7323198
911	1	911	780494	780476	2	2	45,50	449	2944	2943	4545	1.629131	1.5380461
912	1	912	780495	780476	2	2	45,57	505	3707	3706	5280	1.622056	1.2225459
913	1	913	780496	780476	2	2	45,0	189	1508	1507	1905	1.773872	1.6938363
914	1	914	780497	780476	2	2	45,56	1570	9408	9407	16245	1.620206	1.6224327
915	1	915	780498	780476	2	2	45,47	805	5122	5121	8505	1.589010	1.5760348
916	1	916	780499	780476	2	2	45,43	2657	17216	17215	27375	1.623461	1.6810125
917	1	917	780500	780476	2	2	45,39	1074	6646	6645	11130	1.555747	1.274849
918	1	918	780501	780476	2	2	45,59	625	4392	4391	6450	1.630838	1.5264776
919	1	919	780502	780476	2	2	45,46	2781	17989	17988	28875	1.611050	0.80070349
920	1	920	780503	780476	2	2	45,53	1998	12053	12052	20280	1.613627	0.96812583
921	1	921	780504	780476	2	2	45,1	3591	23924	23923	36645	1.719347	0.46243836
922	1	922	798946	798945	2	16	46,54	2	16	15	15	2.225538	17.295318
923	1	923	798947	798945	2	2	46,46	8	50	49	60	1.469000	9.0588023
924	1	924	798948	798945	2	4	46,44	35	264	263	375	1.710430	4.8587081
925	1	925	798949	798945	2	2	46,52	88	576	575	885	1.739327	6.598486
926	1	926	798950	798945	2	2	46,41	10	72	71	90	1.686583	7.7510931
927	1	927	798951	798945	2	2	46,7	52	441	440	510	1.975971	3.1720647
928	1	928	798952	798945	2	5	46,42	16	116	115	180	1.431661	7.5049262
929	1	929	798953	798945	2	2	46,61	40	289	288	420	1.500477	4.3091351
930	1	930	798954	798945	2	2	46,51	144	953	952	1485	1.449841	3.9329365
931	1	931	798955	798945	2	2	46,11	143	1097	1096	1470	1.499410	1.2470731
932	1	932	798956	798945	2	2	46,8	327	2141	2140	3480	1.148926	0.81275037
933	1	933	798957	798945	2	2	46,5	308	2082	2081	3120	1.533183	1.0328813
934	1	934	798958	798945	2	2	46,50	49	405	404	540	1.766707	4.0374123
935	1	935	798959	798945	2	2	46,2	91	744	743	960	1.439093	1.8015602
936	1	936	798960	798945	2	2	46,56	637	4021	4020	6495	1.773999	2.6963929
937	1	937	798961	798945	2	2	46,6	909	6018	6017	9225	1.546902	0.59060007
938	1	938	798962	798945	2	2	46,40	42	306	305	435	1.563855	4.5083124
939	1	939	798963	798945	2	2	46,57	144	1088	1087	1410	1.671154	3.1107588
940	1	940	798964	798945	2	2	46,10	124	944	943	1260	1.516152	1.4136921
941	1	941	798965	798945	2	2	46,63	2316	13533	13532	22995	1.615980	0.72071996
942	1	942	798966	798945	2	2	46,1	7288	45755	45754	73200	1.757216	0.49900086
943	1	943	798967	798945	2	2	46,0	296	2386	2385	3045	1.789920	1.3470811
944	1	944	798968	798945	2	2	46,59	806	5095	5094	8460	1.686589	1.6033945
945	1	945	798969	798945	2	2	46,58	1916	13065	13064	19695	1.628588	0.98649107
946	1	946	798970	798945	2	2	46,53	7192	41419	41418	74010	1.706063	1.0831311
947	1	947	798971	798945	2	2	46,47	9651	54663	54662	99795	1.659753	0.92447134
948	1	948	798972	798945	2	2	46,12	75	681	680	840	1.393908	1.6588309
949	1	949	798973	798945	2	2	46,39	13445	72531	72530	137865	1.646438	0.82538871
950	1	950	798974	798945	2	2	46,43	25115	139266	139265	258225	1.724878	0.56803039
951	1	951	870187	870186	2	16	47,2	2	16	15	15	0.615947	5.6599859
952	1	952	870188	870186	2	2	47,8	4	30	29	30	1.727350	11.972897
953	1	953	870189	870186	2	2	47,7	4	30	29	30	1.997027	13.729461
954	1	954	870190	870186	2	16	47,61	2	16	15	15	1.763592	16.392189
955	1	955	870191	870186	2	5	47,46	7	47	46	60	1.764659	11.190297
956	1	956	870192	870186	2	16	47,12	2	16	15	15	1.201820	11.471392
957	1	957	870193	870186	2	2	47,47	4	30	29	30	2.457035	13.598957
958	1	958	870194	870186	2	3	47,55	16	103	102	135	1.840747	7.3814765
959	1	959	870195	870186	2	16	47,0	2	16	15	15	1.795297	15.764429
960	1	960	870196	870186	2	2	47,6	11	94	93	105	1.619406	3.9601531
961	1	961	870197	870186	2	2	47,62	144	966	965	1395	1.648226	5.7686062
962	1	962	870198	870186	2	2	47,1	16	168	167	180	1.986955	5.2490925
963	1	963	870199	870186	2	16	47,11	2	16	15	15	1.237945	12.568904
964	1	964	870200	870186	2	3	47,10	4	29	28	30	1.856575	10.670849
965	1	965	870201	870186	2	2	47,5	103	558	557	1050	1.589899	6.1744035
966	1	966	870202	870186	2	2	47,40	280	1940	1939	2850	1.662791	2.518118
967	1	967	870203	870186	2	2	47,54	422	3236	3235	4260	1.745865	1.0919004
968	1	968	870204	870186	2	2	47,53	2172	13769	13768	22440	1.618587	1.2238101
969	1	969	870205	870186	2	2	47,60	1613	10150	10149	16830	1.567462	0.83917041
970	1	970	870206	870186	2	2	47,42	2024	13989	13988	20760	1.707339	1.2333022
971	1	971	870207	870186	2	2	47,49	758	4713	4712	7710	1.617116	1.4803822
972	1	972	870208	870186	2	2	47,45	2057	12573	12572	21540	1.579524	1.2951931
973	1	973	870209	870186	2	2	47,44	1643	10614	10613	16965	1.599951	0.95308284
974	1	974	870210	870186	2	2	47,39	750	5628	5627	7890	1.770909	3.3706723
975	1	975	870211	870186	2	2	47,52	14674	86799	86798	151185	1.702222	0.84883477
976	1	976	870212	870186	2	2	47,41	2800	18255	18254	28815	1.688828	1.4572261
977	1	977	870213	870186	2	2	47,51	2963	19272	19271	30615	1.668796	0.90335161
978	1	978	870214	870186	2	2	47,50	4225	26962	26961	43935	1.676696	1.1823803
979	1	979	870215	870186	2	2	47,59	322	2113	2112	3330	1.564556	1.9545369
980	1	980	870216	870186	2	2	47,57	10712	62838	62837	108045	1.714009	0.74836476
981	1	981	870217	870186	2	2	47,43	3141	21129	21128	32280	1.678144	1.4014469
982	1	982	870218	870186	2	2	47,64	300	1800	1799	3030	1.332563	2.3026535
983	1	983	870219	870186	2	2	47,58	8390	50085	50084	86625	1.674331	1.586013
984	1	984	870220	870186	2	2	47,56	3600	23112	23111	38865	1.698111	1.7193664
985	1	985	933323	933322	2	16	48,47	2	16	15	15	1.752827	18.472496
986	1	986	933324	933322	2	2	48,39	29	244	243	285	1.660561	4.0756099
987	1	987	933325	933322	2	2	48,53	293	2029	2028	2955	1.504885	1.2666357
988	1	988	933326	933322	2	2	48,59	284	1783	1782	2985	1.353433	1.107146
989	1	989	933327	933322	2	2	48,43	271	1791	1790	2775	1.429010	1.3118034
990	1	990	934198	934197	2	3	49,51	4	29	28	30	1.542866	8.0316359
991	1	991	934199	934197	2	7	49,58	4	25	24	30	1.565189	14.722472
992	1	992	934200	934197	2	6	49,61	4	26	25	30	2.213937	13.370003
993	1	993	934201	934197	2	2	49,63	31	274	273	315	1.780026	3.8803685
994	1	994	934202	934197	2	2	49,40	4	30	29	30	2.394702	13.690541
995	1	995	934203	934197	2	2	49,53	17	119	118	150	1.800532	8.1992995
996	1	996	934204	934197	2	2	49,39	18	152	151	180	1.750095	5.2582691
997	1	997	934205	934197	2	3	49,59	12	85	84	105	1.879005	8.8160506
998	1	998	934206	934197	2	2	49,11	81	607	606	810	1.419521	1.741431
999	1	999	934207	934197	2	2	49,12	60	463	462	660	1.189723	1.720069
1000	1	1000	934208	934197	2	2	49,56	10	60	59	75	1.965336	9.7149678
1001	1	1001	934209	934197	2	2	49,10	62	482	481	615	1.466793	2.1028569
1002	1	1002	934210	934197	2	2	49,44	14	103	102	135	1.655083	6.7582619
1003	1	1003	934211	934197	2	2	49,2	66	599	598	720	1.406045	1.8696218
1004	1	1004	934212	934197	2	2	49,0	115	923	922	1155	1.665139	2.0529809
1005	1	1005	934213	934197	2	2	49,57	509	3753	3752	5340	1.590947	0.82613063
1006	1	1006	934214	934197	2	2	49,7	39	379	378	420	2.028234	3.2318548
1007	1	1007	934215	934197	2	2	49,50	133	1013	1012	1335	1.704614	2.4140519
1008	1	1008	934216	934197	2	2	49,5	276	1817	1816	2775	1.503607	1.4304544
1009	1	1009	934217	934197	2	2	49,43	3185	20651	20650	33150	1.683772	0.62921317
1010	1	1010	934218	934197	2	2	49,1	1967	12886	12885	19995	1.638674	0.60007118
1011	1	1011	934219	934197	2	2	49,47	1362	8162	8161	14265	1.509554	0.95742282
1012	1	1012	934220	934197	2	2	49,52	1039	5904	5903	10665	1.482735	1.4087743
1013	1	1013	934221	934197	2	2	49,6	556	3744	3743	5595	1.534107	0.77473721
1014	1	1014	934222	934197	2	2	49,8	198	1344	1343	2175	1.049141	0.88795337
1015	1	1015	943940	943939	2	2	50,52	20	145	144	180	1.648871	4.6252606
1016	1	1016	943941	943939	2	2	50,40	37	287	286	375	1.790069	4.498354
1017	1	1017	943942	943939	2	2	50,12	69	590	589	765	1.237340	1.7272992
1018	1	1018	943943	943939	2	2	50,41	174	1034	1033	1815	1.431677	3.9114759
1019	1	1019	943944	943939	2	2	50,45	25	168	167	240	2.091040	8.410347
1020	1	1020	943945	943939	2	2	50,57	854	6119	6118	8730	1.675745	1.1051618
1021	1	1021	943946	943939	2	2	50,8	410	2443	2442	4575	1.049691	0.63663564
1022	1	1022	943947	943939	2	2	50,7	135	1018	1017	1290	1.880400	2.2156106
1023	1	1023	943948	943939	2	2	50,5	351	2510	2509	3645	1.608587	1.1852435
1024	1	1024	943949	943939	2	2	50,6	926	6104	6103	9450	1.517285	0.63451356
1025	1	1025	943950	943939	2	2	50,51	151	1160	1159	1545	1.810870	3.25538
1026	1	1026	943951	943939	2	2	50,0	266	2108	2107	2685	1.752364	1.3495339
1027	1	1027	943952	943939	2	2	50,56	48	313	312	495	1.397729	6.7545893
1028	1	1028	943953	943939	2	2	50,53	4529	28418	28417	47445	1.617020	1.1042505
1029	1	1029	943954	943939	2	2	50,61	32	204	203	300	1.684373	8.5243514
1030	1	1030	943955	943939	2	2	50,2	90	778	777	975	1.398849	1.5119003
1031	1	1031	943956	943939	2	2	50,54	181	1313	1312	1785	1.646217	2.1518658
1032	1	1032	943957	943939	2	2	50,44	801	5810	5809	8400	1.616681	1.1759759
1033	1	1033	943958	943939	2	2	50,11	182	1328	1327	1845	1.473389	1.2514062
1034	1	1034	943959	943939	2	2	50,58	815	5624	5623	8160	1.693614	3.1446275
1035	1	1035	943960	943939	2	2	50,39	3197	21099	21098	33150	1.707654	1.2659097
1036	1	1036	943961	943939	2	2	50,63	1997	13459	13458	20385	1.658280	0.66603247
1037	1	1037	943962	943939	2	2	50,59	425	3102	3101	4350	1.821075	1.9726752
1038	1	1038	943963	943939	2	2	50,47	3899	24667	24666	40005	1.690688	1.1031698
1039	1	1039	943964	943939	2	2	50,42	3286	21274	21273	33900	1.672165	0.61357297
1040	1	1040	943965	943939	2	2	50,49	248	1834	1833	2520	1.646823	1.5884983
1041	1	1041	943966	943939	2	2	50,43	6196	39416	39415	63180	1.721056	0.77508196
1042	1	1042	943967	943939	2	2	50,60	256	1762	1761	2580	1.622674	1.9139664
1043	1	1043	943968	943939	2	2	50,1	7585	46619	46618	76725	1.700465	0.40721542
1044	1	1044	943969	943939	2	2	50,10	218	1642	1641	2220	1.544030	1.1942276
1045	1	1045	943970	943939	2	2	50,50	8800	51678	51677	89895	1.685940	1.7503098
1046	1	1046	990113	990112	2	16	51,56	2	16	15	15	1.954767	14.38623
1047	1	1047	990114	990112	2	16	51,61	2	16	15	15	1.696206	28.596934
1048	1	1048	990115	990112	2	2	51,58	10	65	64	75	1.600745	6.5351171
1049	1	1049	990116	990112	2	2	51,50	17	109	108	150	1.740235	6.1136916
1050	1	1050	990117	990112	2	2	51,7	12	109	108	120	1.963555	5.9641184
1051	1	1051	990118	990112	2	2	51,52	119	978	977	1290	1.843146	2.707851
1052	1	1052	990119	990112	2	2	51,11	159	1192	1191	1635	1.524677	1.4387978
1053	1	1053	990120	990112	2	2	51,44	138	863	862	1410	1.393817	6.029336
1054	1	1054	990121	990112	2	2	51,5	141	1068	1067	1440	1.578016	1.5995303
1055	1	1055	990122	990112	2	16	51,60	2	16	15	15	1.666135	25.662873
1056	1	1056	990123	990112	2	2	51,10	139	1092	1091	1410	1.578788	1.8943108
1057	1	1057	990124	990112	2	2	51,12	84	644	643	915	1.135059	1.6239555
1058	1	1058	990125	990112	2	2	51,2	72	642	641	825	1.367378	1.7985288
1059	1	1059	990126	990112	2	2	51,40	647	4352	4351	6570	1.672086	1.4059076
1060	1	1060	990127	990112	2	2	51,54	884	5930	5929	8760	1.781335	1.5067671
1061	1	1061	990128	990112	2	2	51,0	171	1447	1446	1785	1.732953	1.5267676
1062	1	1062	990129	990112	2	2	51,59	1067	6112	6111	10815	1.597509	1.7062107
1063	1	1063	990130	990112	2	2	51,8	354	2107	2106	4095	1.006115	0.71621709
1064	1	1064	990131	990112	2	2	51,57	539	3748	3747	5640	1.563398	1.3696507
1065	1	1065	990132	990112	2	2	51,51	382	2438	2437	3990	1.763262	3.0924359
1066	1	1066	990133	990112	2	2	51,1	3556	23340	23339	36225	1.695580	0.53628916
1067	1	1067	990134	990112	2	2	51,39	4570	28113	28112	46980	1.714511	1.5237691
1068	1	1068	990135	990112	2	2	51,53	2548	15288	15287	25920	1.680934	2.0336072
1069	1	1069	990136	990112	2	2	51,6	639	4363	4362	6495	1.527542	0.75932955
1070	1	1070	990137	990112	2	2	51,63	4000	21316	21315	41490	1.537898	0.94617862
1071	1	1071	990138	990112	2	2	51,47	2076	12797	12796	21195	1.669855	2.0047543
1072	1	1072	990139	990112	2	2	51,43	8540	52010	52009	87600	1.656056	0.77280079
1073	1	1073	1020957	1020956	2	2	52,64	9	66	65	75	1.695345	8.5545907
1074	1	1074	1020958	1020956	2	2	52,54	47	295	294	405	1.986905	4.6001962
1075	1	1075	1020959	1020956	2	2	52,40	43	331	330	405	1.812048	3.5860428
1076	1	1076	1020960	1020956	2	3	52,55	65	413	412	630	1.479298	3.8499006
1077	1	1077	1020961	1020956	2	2	52,61	69	436	435	660	1.791301	5.0325773
1078	1	1078	1020962	1020956	2	2	52,46	83	548	547	810	1.896439	4.5432623
1079	1	1079	1020963	1020956	2	2	52,51	82	583	582	840	1.673825	6.3785349
1080	1	1080	1020964	1020956	2	2	52,2	232	1804	1803	2415	1.432274	1.0438907
1081	1	1081	1020965	1020956	2	2	52,56	200	1301	1300	1995	1.684553	2.7619135
1082	1	1082	1020966	1020956	2	2	52,7	89	741	740	900	1.831398	2.3264142
1083	1	1083	1020967	1020956	2	2	52,48	108	691	690	1050	1.395060	2.3447793
1084	1	1084	1020968	1020956	2	2	52,59	283	2022	2021	2925	1.732842	3.3338749
1085	1	1085	1020969	1020956	2	2	52,12	224	1607	1606	2445	1.188928	0.91830501
1086	1	1086	1020970	1020956	2	2	52,50	308	2058	2057	3075	1.622626	2.3859883
1087	1	1087	1020971	1020956	2	2	52,44	431	2544	2543	4170	1.730173	2.7808869
1088	1	1088	1020972	1020956	2	2	52,11	381	2622	2621	3900	1.459435	0.88562921
1089	1	1089	1020973	1020956	2	2	52,6	1909	11861	11860	19260	1.553257	0.43226239
1090	1	1090	1020974	1020956	2	2	52,47	1376	8914	8913	14370	1.612869	1.3057852
1091	1	1091	1020975	1020956	2	2	52,8	721	4039	4038	8460	1.073711	0.52924446
1092	1	1092	1020976	1020956	2	2	52,39	1149	7815	7814	12075	1.705380	2.3561545
1093	1	1093	1020977	1020956	2	2	52,41	2753	17202	17201	28440	1.620268	0.71685028
1094	1	1094	1020978	1020956	2	2	52,60	156	1055	1054	1515	1.870066	3.2692792
1095	1	1095	1020979	1020956	2	2	52,0	630	4717	4716	6405	1.761584	1.0828708
1096	1	1096	1020980	1020956	2	2	52,52	574	3641	3640	5820	1.719621	3.1741755
1097	1	1097	1020981	1020956	2	2	52,49	911	6027	6026	9270	1.573199	1.1711663
1098	1	1098	1020982	1020956	2	2	52,58	5153	32741	32740	52770	1.702302	2.7784882
1099	1	1099	1020983	1020956	2	2	52,57	2341	15158	15157	23730	1.712922	1.5781407
1100	1	1100	1020984	1020956	2	2	52,5	697	4703	4702	7125	1.583597	1.0519542
1101	1	1101	1020985	1020956	2	2	52,45	7118	44856	44855	73770	1.663286	0.61142756
1102	1	1102	1020986	1020956	2	2	52,42	12987	73897	73896	132720	1.657759	0.48711329
1103	1	1103	1020987	1020956	2	2	52,43	5452	34901	34900	55935	1.708848	1.3660444
1104	1	1104	1020988	1020956	2	2	52,53	7278	42550	42549	74340	1.635370	0.61973502
1105	1	1105	1020989	1020956	2	2	52,1	12362	72596	72595	124590	1.730434	0.4132256
1106	1	1106	1020990	1020956	2	2	52,63	686	4711	4710	7020	1.655907	1.1297155
1107	1	1107	1020991	1020956	2	2	52,10	822	5248	5247	8145	1.437910	0.62861786
1108	1	1108	1088652	1088651	2	2	53,46	63	425	424	630	1.996363	7.2917087
1109	1	1109	1088653	1088651	2	2	53,48	8	50	49	60	1.770523	8.0874771
1110	1	1110	1088654	1088651	2	5	53,55	7	45	44	60	1.305385	8.0984487
1111	1	1111	1088655	1088651	2	2	53,11	183	1324	1323	1845	1.514224	1.389585
1112	1	1112	1088656	1088651	2	2	53,7	199	1049	1048	2055	1.305100	2.2660841
1113	1	1113	1088657	1088651	2	2	53,10	135	1009	1008	1350	1.515272	1.4789927
1114	1	1114	1088658	1088651	2	2	53,12	161	1175	1174	1695	1.141621	1.1359782
1115	1	1115	1088659	1088651	2	2	53,64	42	323	322	420	1.572745	4.3337015
1116	1	1116	1088660	1088651	2	2	53,63	535	3819	3818	5460	1.616255	1.9244004
1117	1	1117	1088661	1088651	2	2	53,62	33	268	267	315	1.895069	3.6842975
1118	1	1118	1088662	1088651	2	2	53,47	648	4464	4463	6660	1.636102	1.552133
1119	1	1119	1088663	1088651	2	2	53,43	436	3177	3176	4410	1.676766	1.7999454
1120	1	1120	1088664	1088651	2	2	53,49	873	5902	5901	8835	1.656413	2.5995522
1121	1	1121	1088665	1088651	2	2	53,39	480	3589	3588	4980	1.775615	1.9948292
1122	1	1122	1088666	1088651	2	2	53,57	2207	14030	14029	22515	1.669556	1.1754662
1123	1	1123	1088667	1088651	2	2	53,8	310	1714	1713	3360	0.979448	0.81772456
1124	1	1124	1088668	1088651	2	2	53,6	1016	6549	6548	10380	1.489723	0.61164042
1125	1	1125	1088669	1088651	2	2	53,2	126	1028	1027	1365	1.442839	1.4283113
1126	1	1126	1088670	1088651	2	2	53,5	465	2889	2888	4665	1.661971	3.3395761
1127	1	1127	1088671	1088651	2	2	53,60	1708	10594	10593	17760	1.552704	1.1200164
1128	1	1128	1088672	1088651	2	2	53,0	218	1753	1752	2160	1.814398	1.5210529
1129	1	1129	1088673	1088651	2	2	53,45	196	1336	1335	2025	1.620067	4.6432318
1130	1	1130	1088674	1088651	2	2	53,58	5657	34483	34482	57660	1.643688	1.7311292
1131	1	1131	1088675	1088651	2	2	53,44	5353	30115	30114	54360	1.651318	0.76479488
1132	1	1132	1088676	1088651	2	2	53,40	544	3279	3278	5445	1.602702	2.3189136
1133	1	1133	1088677	1088651	2	2	53,51	5045	30237	30236	51780	1.655752	2.1949359
1134	1	1134	1088678	1088651	2	2	53,42	2299	15036	15035	23730	1.661249	0.95148316
1135	1	1135	1088679	1088651	2	2	53,53	3627	23388	23387	37065	1.753410	3.214687
1136	1	1136	1088680	1088651	2	2	53,52	8853	54625	54624	91815	1.671533	0.48366611
1137	1	1137	1088681	1088651	2	2	53,54	887	6259	6258	9195	1.707319	1.6549736
1138	1	1138	1088682	1088651	2	2	53,61	5394	34311	34310	55980	1.630709	1.0626325
1139	1	1139	1088683	1088651	2	2	53,1	11607	67081	67080	116085	1.695712	0.35000021
1140	1	1140	1088684	1088651	2	2	53,50	2247	15218	15217	23445	1.772105	2.3280361
1141	1	1141	1088685	1088651	2	2	53,59	17685	97900	97899	181560	1.666345	0.95821765
1142	1	1142	1088686	1088651	2	2	53,41	539	3496	3495	5340	1.728249	2.5406986
1143	1	1143	1088687	1088651	2	2	53,56	11618	71103	71102	120075	1.696249	0.73527978
1144	1	1144	1180021	1180020	2	16	54,42	2	16	15	15	1.587824	10.592872
1145	1	1145	1180022	1180020	2	2	54,51	6	41	40	45	2.290617	16.633329
1146	1	1146	1180023	1180020	2	2	54,61	4	30	29	30	1.467292	10.898417
1147	1	1147	1180024	1180020	2	4	54,49	7	50	49	60	1.859959	15.347718
1148	1	1148	1180025	1180020	2	2	54,63	153	1125	1124	1470	1.600856	1.5972028
1149	1	1149	1180026	1180020	2	2	54,2	23	188	187	225	1.363727	3.3396942
1150	1	1150	1180027	1180020	2	2	54,7	36	310	309	375	2.023436	4.775224
1151	1	1151	1180028	1180020	2	2	54,5	120	851	850	1170	1.581443	1.8729869
1152	1	1152	1180029	1180020	2	2	54,10	37	339	338	405	1.491950	2.5480143
1153	1	1153	1180030	1180020	2	2	54,11	44	392	391	480	1.532894	2.3311503
1154	1	1154	1180031	1180020	2	2	54,46	253	1818	1817	2625	1.836133	1.8372489
1155	1	1155	1180032	1180020	2	5	54,44	8	59	58	75	1.561850	7.5164688
1156	1	1156	1180033	1180020	2	2	54,12	25	213	212	255	1.302318	3.0123602
1157	1	1157	1180034	1180020	2	2	54,0	60	500	499	630	1.689356	2.36334
1158	1	1158	1180035	1180020	2	2	54,57	283	2211	2210	2955	1.658364	1.2226611
1159	1	1159	1180036	1180020	2	2	54,58	448	3284	3283	4560	1.720635	1.5987922
1160	1	1160	1180037	1180020	2	2	54,40	12	83	82	105	1.999595	9.7614448
1161	1	1161	1180038	1180020	2	2	54,59	613	3980	3979	6225	1.761814	1.8852523
1162	1	1162	1180039	1180020	2	2	54,6	224	1664	1663	2250	1.677193	1.2850101
1163	1	1163	1180040	1180020	2	2	54,8	86	657	656	900	1.150607	1.5669091
1164	1	1164	1180041	1180020	2	2	54,54	635	4101	4100	6375	1.663657	1.4525373
1165	1	1165	1180042	1180020	2	2	54,1	919	6639	6638	9630	1.688062	0.8083494
1166	1	1166	1180043	1180020	2	2	54,47	917	6176	6175	9285	1.748682	1.3263112
1167	1	1167	1180044	1180020	2	2	54,39	1755	11019	11018	17775	1.649542	1.7724855
1168	1	1168	1180045	1180020	2	2	54,53	2026	12183	12182	20475	1.621710	1.9305146
1169	1	1169	1180046	1180020	2	2	54,50	1258	7805	7804	12915	1.601570	1.1006708
1170	1	1170	1180047	1180020	2	2	54,43	2799	17964	17963	28470	1.694397	0.99961884
1171	1	1171	1180048	1180020	2	2	54,56	2405	13141	13140	24435	1.631735	1.3559913
1172	1	1172	1195151	1195151	1	2	55,59	842	5322	5322	9408	1.371071	0.60448919
1173	1	1173	1195994	1195993	2	16	56,64	2	16	15	15	2.020561	15.897455
1174	1	1174	1195995	1195993	2	2	56,46	56	372	371	525	1.924605	4.8535022
1175	1	1175	1195996	1195993	2	2	56,48	23	158	157	210	1.494825	5.6043602
1176	1	1176	1195997	1195993	2	3	56,55	17	99	98	150	1.587859	6.5866958
1177	1	1177	1195998	1195993	2	2	56,2	189	1494	1493	2010	1.356282	1.120277
1178	1	1178	1195999	1195993	2	2	56,7	167	1355	1354	1680	1.889181	1.9101608
1179	1	1179	1196000	1195993	2	2	56,61	252	1563	1562	2655	1.533754	4.8183186
1180	1	1180	1196001	1195993	2	2	56,45	501	3406	3405	5010	1.614797	2.3795295
1181	1	1181	1196002	1195993	2	2	56,50	623	4487	4486	6525	1.798239	2.1978064
1182	1	1182	1196003	1195993	2	2	56,11	398	2659	2658	3960	1.520738	0.89427596
1183	1	1183	1196004	1195993	2	2	56,5	878	5648	5647	8730	1.601038	1.4653074
1184	1	1184	1196005	1195993	2	2	56,8	717	3843	3842	8685	1.026702	0.50579379
1185	1	1185	1196006	1195993	2	2	56,59	1330	9098	9097	13575	1.755674	1.3401132
1186	1	1186	1196007	1195993	2	2	56,40	164	1222	1221	1605	1.802701	3.2137342
1187	1	1187	1196008	1195993	2	2	56,51	735	5364	5363	7530	1.684511	1.2935255
1188	1	1188	1196009	1195993	2	2	56,12	274	1857	1856	3030	1.143292	0.83544098
1189	1	1189	1196010	1195993	2	2	56,49	523	3819	3818	5355	1.608964	0.91488491
1190	1	1190	1196011	1195993	2	2	56,54	269	1837	1836	2625	1.740672	2.0720277
1191	1	1191	1196012	1195993	2	2	56,56	1224	8052	8051	12660	1.749309	2.3000138
1192	1	1192	1196013	1195993	2	2	56,60	590	3517	3516	6060	1.454560	2.9837466
1193	1	1193	1196014	1195993	2	2	56,0	626	4703	4702	6330	1.754996	0.98564507
1194	1	1194	1196015	1195993	2	2	56,63	1667	11225	11224	16875	1.665256	0.62939933
1195	1	1195	1196016	1195993	2	2	56,10	706	4637	4636	6960	1.473612	0.67238664
1196	1	1196	1196017	1195993	2	2	56,44	295	1965	1964	3015	1.683007	3.012918
1197	1	1197	1196018	1195993	2	2	56,42	3528	22390	22389	37395	1.563805	0.77771697
1198	1	1198	1196019	1195993	2	2	56,47	4217	27076	27075	43320	1.735603	1.1922558
1199	1	1199	1196020	1195993	2	2	56,52	1078	7605	7604	11055	1.692287	1.3811345
1200	1	1200	1196021	1195993	2	2	56,41	750	5035	5034	7545	1.713764	2.2153266
1201	1	1201	1196022	1195993	2	2	56,39	3651	23583	23582	37560	1.753788	1.77816
1202	1	1202	1196023	1195993	2	2	56,1	14762	86449	86448	149700	1.711423	0.39429593
1203	1	1203	1196024	1195993	2	2	56,6	2146	13442	13441	21990	1.540825	0.41674787
1204	1	1204	1196025	1195993	2	2	56,58	3169	21250	21249	32700	1.725299	1.355336
1205	1	1205	1196026	1195993	2	2	56,53	5026	30907	30906	51690	1.730858	1.5605014
1206	1	1206	1196027	1195993	2	2	56,43	13755	83358	83357	140640	1.748151	0.74833395
1207	1	1207	1196028	1195993	2	2	56,57	3604	22752	22751	37740	1.619004	0.68821884
1208	1	1208	1263872	1263871	2	16	57,56	2	16	15	15	1.330066	17.073747
1209	1	1209	1263873	1263871	2	2	57,60	4	30	29	30	2.084793	13.197838
1210	1	1210	1263874	1263871	2	16	57,48	2	16	15	15	1.695882	17.372803
1211	1	1211	1263875	1263871	2	2	57,44	76	482	481	750	1.571660	4.9636228
1212	1	1212	1263876	1263871	2	3	57,55	22	156	155	210	1.729244	5.2802296
1213	1	1213	1263877	1263871	2	2	57,52	38	301	300	375	2.003095	4.3511297
1214	1	1214	1263878	1263871	2	2	57,63	104	862	861	1110	1.780644	2.0316203
1215	1	1215	1263879	1263871	2	2	57,49	173	1349	1348	1740	1.740000	2.0574028
1216	1	1216	1263880	1263871	2	2	57,40	188	1215	1214	1995	1.408050	3.8224083
1217	1	1217	1263881	1263871	2	2	57,42	89	637	636	900	1.629909	4.9128492
1218	1	1218	1263882	1263871	2	2	57,7	62	569	568	690	1.856957	2.6121523
1219	1	1219	1263883	1263871	2	2	57,51	268	1810	1809	2670	1.816622	3.7285386
1220	1	1220	1263884	1263871	2	2	57,61	848	5247	5246	8625	1.563560	3.3294064
1221	1	1221	1263885	1263871	2	2	57,45	53	316	315	480	1.586084	4.7290476
1222	1	1222	1263886	1263871	2	2	57,2	404	2956	2955	4260	1.411037	0.80241847
1223	1	1223	1263887	1263871	2	2	57,0	1266	9024	9023	12885	1.741536	0.82532541
1224	1	1224	1263888	1263871	2	2	57,11	707	4471	4470	7035	1.524082	0.70194057
1225	1	1225	1263889	1263871	2	2	57,41	673	4324	4323	6765	1.751071	1.6108878
1226	1	1226	1263890	1263871	2	2	57,39	1905	12313	12312	19350	1.759652	2.5888214
1227	1	1227	1263891	1263871	2	2	57,50	567	3706	3705	5835	1.679426	3.4582486
1228	1	1228	1263892	1263871	2	2	57,47	2897	18464	18463	29925	1.681225	3.2224991
1229	1	1229	1263893	1263871	2	2	57,12	401	2668	2667	4290	1.264247	0.77606175
1230	1	1230	1263894	1263871	2	2	57,43	7587	47781	47780	78270	1.726145	1.581401
1231	1	1231	1263895	1263871	2	2	57,57	2549	16879	16878	26145	1.672327	1.5074656
1232	1	1232	1263896	1263871	2	2	57,10	669	4524	4523	6705	1.527850	0.70028645
1233	1	1233	1263897	1263871	2	2	57,59	1817	11272	11271	18285	1.775068	1.6422974
1234	1	1234	1263898	1263871	2	2	57,6	3378	20522	20521	34605	1.579068	0.42716394
1235	1	1235	1263899	1263871	2	2	57,8	1059	5724	5723	12945	1.111790	0.4600913
1236	1	1236	1263900	1263871	2	2	57,5	351	2467	2466	3435	1.668219	1.9677514
1237	1	1237	1263901	1263871	2	2	57,1	21742	124108	124107	219645	1.727567	0.34357814
1238	1	1238	1263902	1263871	2	2	57,46	4394	25086	25085	44670	1.638518	0.94146985
1239	1	1239	1263903	1263871	2	2	57,53	3887	24687	24686	39915	1.733472	1.7787139
1240	1	1240	1263904	1263871	2	2	57,54	1623	9645	9644	16335	1.629635	3.1802454
1241	1	1241	1263905	1263871	2	2	57,58	9555	57965	57964	97935	1.700140	1.0626684
1242	1	1242	1333199	1333198	2	16	58,40	2	16	15	15	1.651235	15.15849
1243	1	1243	1333200	1333198	2	9	58,64	5	30	29	45	1.263916	9.5294324
1244	1	1244	1333201	1333198	2	2	58,45	8	46	45	60	1.762931	12.328657
1245	1	1245	1333202	1333198	2	2	58,44	40	304	303	435	1.602891	3.4101429
1246	1	1246	1333203	1333198	2	2	58,54	6	42	41	45	1.503277	9.2794089
1247	1	1247	1333204	1333198	2	2	58,42	4	30	29	30	1.617684	13.326095
1248	1	1248	1333205	1333198	2	2	58,61	526	3269	3268	5295	1.703789	2.7567168
1249	1	1249	1333206	1333198	2	2	58,51	34	232	231	315	1.691332	5.2119708
1250	1	1250	1333207	1333198	2	2	58,41	443	2911	2910	4560	1.582273	2.9245308
1251	1	1251	1333208	1333198	2	2	58,5	544	3325	3324	5595	1.509569	0.86512992
1252	1	1252	1333209	1333198	2	2	58,52	116	683	682	1125	1.449629	4.079149
1253	1	1253	1333210	1333198	2	2	58,58	1197	7581	7580	12135	1.717763	4.2629099
1254	1	1254	1333211	1333198	2	2	58,2	262	1989	1988	2745	1.429446	0.98788269
1255	1	1255	1333212	1333198	2	2	58,59	1081	7246	7245	11010	1.701070	2.1704778
1256	1	1256	1333213	1333198	2	2	58,50	1144	7342	7341	11535	1.612236	2.6411169
1257	1	1257	1333214	1333198	2	2	58,7	168	1322	1321	1695	1.812454	1.7780229
1258	1	1258	1333215	1333198	2	2	58,10	722	4806	4805	7200	1.495210	0.6632215
1259	1	1259	1333216	1333198	2	2	58,0	1115	8057	8056	11325	1.740193	0.91465303
1260	1	1260	1333217	1333198	2	2	58,57	1424	9700	9699	14580	1.659754	0.8852027
1261	1	1261	1333218	1333198	2	2	58,63	1322	9106	9105	13605	1.636800	0.76048226
1262	1	1262	1333219	1333198	2	2	58,56	2664	16106	16105	26955	1.714047	2.1719115
1263	1	1263	1333220	1333198	2	2	58,43	6158	39459	39458	63150	1.737228	3.0776508
1264	1	1264	1333221	1333198	2	2	58,11	498	3231	3230	4935	1.463257	0.78735298
1265	1	1265	1333222	1333198	2	2	58,39	2689	17432	17431	27645	1.673463	1.0924904
1266	1	1266	1333223	1333198	2	2	58,12	353	2413	2412	3810	1.246795	0.80378508
1267	1	1267	1333224	1333198	2	2	58,8	1002	5252	5251	12435	1.051731	0.44345814
1268	1	1268	1333225	1333198	2	2	58,6	2707	16250	16249	27435	1.555921	0.41554429
1269	1	1269	1333226	1333198	2	2	58,53	8335	46721	46720	83805	1.678307	0.63090681
1270	1	1270	1333227	1333198	2	2	58,46	31467	164797	164796	323220	1.695742	0.85112356
1271	1	1271	1333228	1333198	2	2	58,47	4139	26109	26108	42795	1.673245	1.5913633
1272	1	1272	1333229	1333198	2	2	58,1	23238	130014	130013	235245	1.683233	0.26451322
1273	1	1273	1426582	1426581	2	2	59,62	4	30	29	30	1.939855	10.566572
1274	1	1274	1426583	1426581	2	2	59,64	12	102	101	135	1.399630	5.9402358
1275	1	1275	1426584	1426581	2	3	59,49	238	1515	1514	2880	1.440465	4.4909966
1276	1	1276	1426585	1426581	2	3	59,7	6	41	40	45	1.335493	8.6585049
1277	1	1277	1426586	1426581	2	2	59,63	46	352	351	450	1.671254	3.0178012
1278	1	1278	1426587	1426581	2	2	59,11	82	672	671	855	1.533000	1.7382326
1279	1	1279	1426588	1426581	2	2	59,12	88	617	616	945	1.016015	1.3142777
1280	1	1280	1426589	1426581	2	2	59,2	40	392	391	465	1.365125	2.095455
1281	1	1281	1426590	1426581	2	2	59,10	71	571	570	720	1.546251	2.6719085
1282	1	1282	1426591	1426581	2	2	59,53	85	579	578	840	2.048222	6.0447415
1283	1	1283	1426592	1426581	2	2	59,5	114	767	766	1140	1.519427	2.1401026
1284	1	1284	1426593	1426581	2	2	59,39	375	2706	2705	3825	1.678833	2.2322469
1285	1	1285	1426594	1426581	2	2	59,41	1400	8620	8619	14190	1.626272	1.0741336
1286	1	1286	1426595	1426581	2	2	59,8	190	1292	1291	2250	1.025409	0.93819912
1287	1	1287	1426596	1426581	2	2	59,40	433	2884	2883	4365	1.734194	2.2217305
1288	1	1288	1426597	1426581	2	2	59,0	156	1204	1203	1515	1.700248	1.7171343
1289	1	1289	1426598	1426581	2	2	59,45	1267	7724	7723	13065	1.521583	1.0758006
1290	1	1290	1426599	1426581	2	2	59,6	643	4205	4204	6495	1.503833	0.84242879
1291	1	1291	1426600	1426581	2	2	59,42	525	3933	3932	5370	1.758735	3.8875948
1292	1	1292	1426601	1426581	2	2	59,44	174	1046	1045	1710	1.707825	4.1242308
1293	1	1293	1426602	1426581	2	2	59,51	663	4485	4484	6870	1.733112	1.4093063
1294	1	1294	1426603	1426581	2	2	59,43	1422	10096	10095	14760	1.673550	2.0844764
1295	1	1295	1426604	1426581	2	2	59,47	592	4233	4232	6075	1.754879	2.3065589
1296	1	1296	1426605	1426581	2	2	59,54	1123	7021	7020	11550	1.652125	3.6040645
1297	1	1297	1426606	1426581	2	2	59,50	3111	19839	19838	31725	1.700422	1.6662212
1298	1	1298	1426607	1426581	2	2	59,58	4086	25761	25760	41550	1.688068	0.76885174
1299	1	1299	1426608	1426581	2	2	59,52	3024	20055	20054	31005	1.792034	1.1528907
1300	1	1300	1426609	1426581	2	2	59,57	4509	29172	29171	46695	1.672188	0.99736955
1301	1	1301	1426610	1426581	2	2	59,1	5147	30579	30578	52065	1.666121	0.7301357
1302	1	1302	1426611	1426581	2	2	59,56	7479	44641	44640	76065	1.705912	1.5333263
1303	1	1303	1463658	1463657	2	2	60,63	122	993	992	1245	1.668983	1.7638186
1304	1	1304	1463659	1463657	2	3	60,59	10	67	66	90	2.236670	13.685632
1305	1	1305	1463660	1463657	2	2	60,53	536	3543	3542	5460	1.590283	2.3402828
1306	1	1306	1463661	1463657	2	2	60,39	499	3264	3263	5160	1.622338	2.2819332
1307	1	1307	1463662	1463657	2	2	60,47	1369	8649	8648	13890	1.662079	1.2263018
1308	1	1308	1463663	1463657	2	2	60,43	8380	51568	51567	85500	1.682414	0.42743187
1309	1	1309	1474569	1474568	2	16	61,41	2	16	15	15	1.853376	15.652597
1310	1	1310	1474570	1474568	2	16	61,59	2	16	15	15	1.786144	14.697026
1311	1	1311	1474571	1474568	2	2	61,51	7	54	53	60	1.667725	8.3129823
1312	1	1312	1474572	1474568	2	2	61,63	8	54	53	60	2.055056	9.4452521
1313	1	1313	1474573	1474568	2	2	61,58	11	93	92	105	1.890793	8.000562
1314	1	1314	1474574	1474568	2	2	61,49	11	84	83	105	1.997020	6.290328
1315	1	1315	1474575	1474568	2	4	61,44	49	340	339	510	1.554609	3.5365387
1316	1	1316	1474576	1474568	2	2	61,12	63	524	523	675	1.181992	1.6504171
1317	1	1317	1474577	1474568	2	2	61,7	54	460	459	555	1.882283	2.9475313
1318	1	1318	1474578	1474568	2	2	61,42	79	678	677	810	1.955047	3.8656103
1319	1	1319	1474579	1474568	2	2	61,50	117	896	895	1215	1.874097	3.9279531
1320	1	1320	1474580	1474568	2	2	61,40	31	190	189	315	1.623661	5.3900339
1321	1	1321	1474581	1474568	2	2	61,56	361	2248	2247	3645	1.691741	4.0739701
1322	1	1322	1474582	1474568	2	2	61,11	81	653	652	840	1.530141	1.7154611
1323	1	1323	1474583	1474568	2	2	61,2	78	591	590	810	1.479679	1.9905069
1324	1	1324	1474584	1474568	2	2	61,8	162	1089	1088	1710	1.039110	1.0564531
1325	1	1325	1474585	1474568	2	2	61,10	63	520	519	645	1.478509	2.3608694
1326	1	1326	1474586	1474568	2	2	61,6	568	3725	3724	5700	1.489471	0.80237529
1327	1	1327	1474587	1474568	2	2	61,0	155	1245	1244	1575	1.719372	1.9664226
1328	1	1328	1474588	1474568	2	2	61,57	527	3840	3839	5445	1.575932	0.87806194
1329	1	1329	1474589	1474568	2	2	61,47	5334	28713	28712	55140	1.579741	0.78510163
1330	1	1330	1474590	1474568	2	2	61,46	3123	16752	16751	32145	1.549311	0.89802575
1331	1	1331	1474591	1474568	2	2	61,53	2632	15541	15540	27120	1.583101	1.2544056
1332	1	1332	1474592	1474568	2	2	61,39	2840	18117	18116	29310	1.655810	1.3580499
1333	1	1333	1474593	1474568	2	2	61,52	1113	7867	7866	11535	1.600276	0.81453269
1334	1	1334	1474594	1474568	2	2	61,5	185	1340	1339	1905	1.550822	1.6463608
1335	1	1335	1474595	1474568	2	2	61,1	2558	16829	16828	26250	1.665032	0.57997068
1336	1	1336	1474596	1474568	2	2	61,43	4188	25583	25582	42675	1.670640	1.1263854
1337	1	1337	1498944	1498943	2	3	62,12	4	29	28	30	1.213780	7.292842
1338	1	1338	1498945	1498943	2	16	62,50	2	16	15	15	1.801754	12.039926
1339	1	1339	1498946	1498943	2	16	62,7	2	16	15	15	1.551920	12.347692
1340	1	1340	1498947	1498943	2	16	62,8	2	16	15	15	1.581976	19.053343
1341	1	1341	1498948	1498943	2	7	62,53	4	25	24	30	2.163154	17.61007
1342	1	1342	1498949	1498943	2	16	62,11	2	16	15	15	1.525521	11.950751
1343	1	1343	1498950	1498943	2	16	62,55	2	16	15	15	1.618280	18.826624
1344	1	1344	1498951	1498943	2	2	62,6	16	147	146	165	1.758722	4.5951957
1345	1	1345	1498952	1498943	2	2	62,59	4	30	29	30	2.115326	15.838682
1346	1	1346	1498953	1498943	2	5	62,44	39	260	259	405	1.261086	2.6345994
1347	1	1347	1498954	1498943	2	2	62,46	8	51	50	60	1.593187	10.433187
1348	1	1348	1498955	1498943	2	2	62,63	4	30	29	30	2.560002	17.634409
1349	1	1349	1498956	1498943	2	2	62,57	4	30	29	30	2.460310	12.886885
1350	1	1350	1498957	1498943	2	3	62,5	17	146	145	180	1.694472	4.4910488
1351	1	1351	1498958	1498943	2	2	62,0	7	56	55	60	1.590058	5.6448796
1352	1	1352	1498959	1498943	2	2	62,58	204	1372	1371	1935	1.524622	1.6924457
1353	1	1353	1498960	1498943	2	2	62,1	55	414	413	525	1.617310	2.8846438
1354	1	1354	1498961	1498943	2	2	62,47	46	315	314	420	1.595353	3.7229008
1355	1	1355	1498962	1498943	2	2	62,41	107	668	667	1035	1.351907	2.4844492
1356	1	1356	1498963	1498943	2	2	62,54	77	475	474	750	1.502517	2.9880311
1357	1	1357	1498964	1498943	2	2	62,43	149	919	918	1455	1.376233	2.1192305
1358	1	1358	1498965	1498943	2	2	62,39	32	231	230	315	1.660760	5.1231199
1359	1	1359	1499710	1499709	2	16	63,45	2	16	15	15	2.509289	20.254862
1360	1	1360	1499711	1499709	2	2	63,58	11	70	69	90	1.813393	7.9821992
1361	1	1361	1499712	1499709	2	2	63,60	8	51	50	60	1.382634	8.6755043
1362	1	1362	1499713	1499709	2	2	63,40	70	401	400	705	1.445848	5.8345655
1363	1	1363	1499714	1499709	2	2	63,61	11	71	70	90	1.637986	7.3311971
1364	1	1364	1499715	1499709	2	2	63,52	9	74	73	90	2.028821	8.9470209
1365	1	1365	1499716	1499709	2	2	63,44	23	148	147	210	1.500857	5.2957646
1366	1	1366	1499717	1499709	2	2	63,56	71	488	487	735	1.889601	6.2300092
1367	1	1367	1499718	1499709	2	2	63,42	4	30	29	30	2.510880	15.402718
1368	1	1368	1499719	1499709	2	2	63,50	17	116	115	150	1.742708	6.3112397
1369	1	1369	1499720	1499709	2	2	63,41	18	119	118	150	2.270674	8.999183
1370	1	1370	1499721	1499709	2	2	63,54	15	98	97	120	2.364950	7.7417695
1371	1	1371	1499722	1499709	2	6	63,46	7	45	44	60	1.465973	10.445987
1372	1	1372	1499723	1499709	2	2	63,39	202	1375	1374	2040	1.594204	2.5823936
1373	1	1373	1499724	1499709	2	2	63,10	323	2297	2296	3210	1.496327	1.0676572
1374	1	1374	1499725	1499709	2	2	63,7	82	714	713	840	1.834289	2.2660152
1375	1	1375	1499726	1499709	2	2	63,5	327	2293	2292	3255	1.677979	1.6906797
1376	1	1376	1499727	1499709	2	2	63,43	1079	7479	7478	10890	1.675120	1.2706651
1377	1	1377	1499728	1499709	2	2	63,51	54	431	430	540	1.890438	3.7067598
1378	1	1378	1499729	1499709	2	2	63,57	662	4376	4375	6900	1.520187	1.1125648
1379	1	1379	1499730	1499709	2	2	63,12	188	1388	1387	2070	1.216474	1.0349873
1380	1	1380	1499731	1499709	2	2	63,8	649	3603	3602	7920	1.051349	0.54734865
1381	1	1381	1499732	1499709	2	2	63,11	325	2233	2232	3225	1.531362	0.91468756
1382	1	1382	1499733	1499709	2	2	63,47	195	1190	1189	1935	1.662136	4.6140429
1383	1	1383	1499734	1499709	2	2	63,0	556	4238	4237	5670	1.730995	1.0451104
1384	1	1384	1499735	1499709	2	2	63,2	197	1511	1510	2205	1.337553	1.124767
1385	1	1385	1499736	1499709	2	2	63,6	2343	14037	14036	23895	1.523054	0.39190084
1386	1	1386	1499737	1499709	2	2	63,53	6550	32773	32772	67860	1.477500	0.60659765
1387	1	1387	1499738	1499709	2	2	63,1	14314	83987	83986	146700	1.695609	0.42388989
1388	1	1388	1527994	1527993	2	16	64,2	2	16	15	15	0.590667	5.90824
1389	1	1389	1527995	1527993	2	16	64,59	2	16	15	15	2.429116	21.134182
1390	1	1390	1527996	1527993	2	2	64,1	4	30	29	30	1.618491	14.144928
1391	1	1391	1527997	1527993	2	3	64,50	6	41	40	45	1.464047	5.5723113
1392	1	1392	1527998	1527993	2	2	64,63	8	70	69	75	1.522367	6.0372307
1393	1	1393	1527999	1527993	2	16	64,8	2	16	15	15	0.829520	9.3077893
1394	1	1394	1528000	1527993	2	3	64,6	5	42	41	45	1.589167	8.0481618
1395	1	1395	1528001	1527993	2	8	64,61	5	32	31	45	0.988837	8.8620864
1396	1	1396	1528002	1527993	2	2	64,47	19	134	133	165	1.421162	3.5241119
1397	1	1397	1528003	1527993	2	2	64,64	14	117	116	150	1.335974	4.2407454
1398	1	1398	1528004	1527993	2	2	64,39	30	223	222	300	1.390754	3.2285378
1399	1	1399	1528005	1527993	2	2	64,53	11	92	91	105	1.847200	6.1693166
1400	1	1400	1528006	1527993	2	2	64,43	407	2805	2804	4110	1.457185	0.86944003
